intl_id,storm_number,storm_name,last_revision_date,datetime,year,month,day,hour,indicator,grade,latitude,longitude,pressure,wind_speed,dir_r50,r50_long,r50_short,dir_r30,r30_long,r30_short,landfall
0014,0019,SAOMAI,20011221,00091210,2000,9,12,10,002,5,265,1280,945,075,3,0110,0060,8,0400,0300,Y
0111,0013,PABUK,20020124,01082110,2001,8,21,10,002,4,335,1355,970,055,9,0030,0030,3,0300,0240,Y
0111,0013,PABUK,20020124,01082119,2001,8,21,19,002,4,343,1367,975,050,0,0000,0000,3,0300,0200,Y
0111,0013,PABUK,20020124,01082203,2001,8,22,3,002,3,348,1388,982,045,0,0000,0000,2,0300,0150,Y
0111,0013,PABUK,20020124,01082205,2001,8,22,5,002,3,353,1395,982,045,0,0000,0000,2,0300,0150,Y
0111,0013,PABUK,20020124,01082206,2001,8,22,6,002,3,355,1398,982,045,0,0000,0000,2,0300,0150,Y
0115,0018,DANAS,20020124,01091100,2001,9,11,0,002,4,352,1395,970,055,3,0030,0015,2,0300,0150,Y
0116,0020,NARI,20020124,01090622,2001,9,6,22,002,4,261,1276,985,050,0,0000,0000,9,0090,0090,Y
0116,0020,NARI,20020124,01090718,2001,9,7,18,002,4,263,1278,975,060,9,0020,0020,9,0090,0090,Y
0116,0020,NARI,20020124,01091218,2001,9,12,18,002,4,264,1268,975,060,9,0035,0035,6,0140,0100,Y
0204,0009,NOGURI,20060118,02060917,2002,6,9,17,002,4,246,1253,975,060,3,0030,0020,3,0100,0050,Y
0205,0010,RAMMASUN,20060118,02070312,2002,7,3,12,002,5,247,1253,945,085,3,0170,0140,3,0400,0300,Y
0206,0011,CHATAAN,20060118,02071015,2002,7,10,15,002,4,349,1397,970,055,2,0050,0020,2,0250,0090,Y
0206,0011,CHATAAN,20060118,02071112,2002,7,11,12,002,3,430,1445,980,045,0,0000,0000,3,0300,0200,Y
0207,0012,HALONG,20060118,02071412,2002,7,14,12,002,5,262,1276,960,070,3,0100,0060,3,0280,0170,Y
0207,0012,HALONG,20060118,02071600,2002,7,16,0,002,4,346,1387,975,060,3,0100,0010,3,0210,0060,Y
0207,0012,HALONG,20060118,02071601,2002,7,16,1,002,4,348,1393,975,060,3,0060,0010,3,0200,0050,Y
0207,0012,HALONG,20060118,02071603,2002,7,16,3,002,4,356,1406,975,060,3,0060,0010,3,0190,0050,Y
0209,0014,FENGSHEN,20060118,02072511,2002,7,25,11,002,4,303,1309,970,055,9,0060,0060,1,0220,0160,Y
0213,0021,PHANFONE,20060118,02081907,2002,8,19,7,002,5,329,1399,965,065,9,0060,0060,4,0160,0130,Y
0215,0023,RUSA,20060118,02082912,2002,8,29,12,002,5,284,1296,950,075,1,0120,0060,1,0270,0240,Y
0216,0024,SINLAKU,20060118,02090321,2002,9,3,21,002,5,257,1313,960,075,8,0090,0060,8,0220,0180,Y
0216,0024,SINLAKU,20060118,02090415,2002,9,4,15,002,5,262,1279,955,080,8,0100,0080,1,0240,0180,Y
0216,0024,SINLAKU,20060118,02090423,2002,9,4,23,002,5,264,1268,955,080,8,0100,0080,8,0240,0180,Y
0221,0030,HIGOS,20060118,02100111,2002,10,1,11,002,5,353,1396,960,070,3,0100,0060,3,0300,0180,Y
0221,0030,HIGOS,20060118,02100121,2002,10,1,21,002,4,426,1417,980,055,2,0060,0020,2,0350,0200,Y
0304,0005,LINFA,20040217,03053021,2003,5,30,21,002,3,332,1323,985,045,0,0000,0000,3,0200,0080,Y
0306,0007,SOUDELOR,20040217,03061720,2003,6,17,20,002,5,242,1238,968,065,3,0120,0060,3,0250,0120,Y
0306,0007,SOUDELOR,20040217,03061904,2003,6,19,4,002,4,342,1292,975,060,3,0050,0030,3,0190,0080,Y
0310,0012,ETAU,20040217,03080700,2003,8,7,0,002,5,265,1282,950,080,3,0160,0080,3,0350,0180,Y
0310,0012,ETAU,20040217,03080710,2003,8,7,10,002,5,281,1292,945,085,4,0160,0080,3,0350,0220,Y
0310,0012,ETAU,20040217,03080812,2003,8,8,12,002,5,332,1340,950,075,3,0160,0020,3,0325,0200,Y
0310,0012,ETAU,20040217,03080818,2003,8,8,18,002,4,342,1348,965,050,0,0000,0000,3,0300,0200,Y
0310,0012,ETAU,20040217,03080821,2003,8,8,21,002,4,347,1354,970,050,0,0000,0000,3,0300,0180,Y
0310,0012,ETAU,20040217,03080916,2003,8,9,16,002,3,419,1428,985,040,0,0000,0000,3,0325,0050,Y
0314,0020,MAEMI,20040217,03091019,2003,9,10,19,002,5,248,1254,910,105,9,0080,0080,2,0240,0200,Y
0315,0021,CHOI-WAN,20040217,03091908,2003,9,19,8,002,4,265,1282,985,050,0,0000,0000,3,0280,0180,Y
0315,0021,CHOI-WAN,20040217,03091922,2003,9,19,22,002,4,281,1292,975,060,2,0070,0050,3,0300,0150,Y
0404,0007,CONSON,20060118,04061107,2004,6,11,7,002,3,333,1341,994,035,0,0000,0000,9,0020,0020,Y
0406,0009,DIANMU,20060118,04062100,2004,6,21,0,002,5,331,1339,965,070,3,0080,0040,3,0300,0200,Y
0406,0009,DIANMU,20060118,04062104,2004,6,21,4,002,4,346,1349,970,060,3,0060,0030,3,0300,0200,Y
0410,0013,NAMTHEUN,20060118,04073107,2004,7,31,7,002,5,331,1332,980,065,9,0050,0050,3,0200,0120,Y
0410,0013,NAMTHEUN,20060118,04073112,2004,7,31,12,002,3,340,1323,992,045,0,0000,0000,3,0200,0100,Y
0411,0016,MALOU,20060118,04080413,2004,8,4,13,002,3,336,1347,996,040,0,0000,0000,1,0100,0025,Y
0411,0016,MALOU,20060118,04080416,2004,8,4,16,002,3,348,1344,998,035,0,0000,0000,2,0080,0025,Y
0415,0020,MEGI,20100326,04081921,2004,8,19,21,002,4,409,1402,980,060,9,0050,0050,2,0300,0180,Y
0415,0020,MEGI,20100326,04081923,2004,8,19,23,002,4,411,1410,980,060,9,0050,0050,2,0300,0180,Y
0416,0021,CHABA,20060118,04083000,2004,8,30,0,002,5,315,1302,950,080,2,0120,0100,2,0300,0220,Y
0416,0021,CHABA,20060118,04083008,2004,8,30,8,002,5,339,1314,965,070,3,0110,0090,3,0300,0200,Y
0416,0021,CHABA,20060118,04083103,2004,8,31,3,002,4,414,1405,975,060,4,0100,0060,3,0350,0200,Y
0418,0024,SONGDA,20060118,04090508,2004,9,5,8,002,5,264,1281,925,095,2,0160,0080,2,0350,0300,Y
0418,0024,SONGDA,20060118,04090700,2004,9,7,0,002,5,327,1296,945,075,3,0090,0080,3,0325,0240,Y
0421,0031,MEARI,20060118,04092823,2004,9,28,23,002,4,315,1302,970,060,9,0075,0075,3,0240,0160,Y
0421,0031,MEARI,20060118,04092906,2004,9,29,6,002,4,329,1327,980,055,4,0080,0050,3,0240,0160,Y
0421,0031,MEARI,20060118,04092911,2004,9,29,11,002,4,344,1346,990,050,0,0000,0000,4,0240,0200,Y
0422,0032,MA-ON,20100326,04100907,2004,10,9,7,002,5,348,1388,950,080,2,0060,0030,3,0220,0180,Y
0422,0032,MA-ON,20100326,04100908,2004,10,9,8,002,5,352,1395,965,070,2,0055,0025,3,0200,0160,Y
0422,0032,MA-ON,20100326,04100909,2004,10,9,9,002,4,356,1400,980,060,2,0050,0020,3,0180,0150,Y
0423,0033,TOKAGE,20060118,04102004,2004,10,20,4,002,5,328,1329,955,075,2,0180,0120,2,0425,0300,Y
0423,0033,TOKAGE,20060118,04102006,2004,10,20,6,002,5,334,1339,955,075,2,0180,0100,2,0425,0270,Y
0423,0033,TOKAGE,20060118,04102008,2004,10,20,8,002,5,341,1348,960,070,3,0150,0090,3,0425,0270,Y
0507,0009,BANYAN,20051219,05072611,2005,7,26,11,002,3,351,1402,978,045,0,0000,0000,3,0325,0150,Y
0509,0011,MATSA,20051219,05080410,2005,8,4,10,002,5,243,1243,955,080,4,0130,0080,4,0300,0200,Y
0511,0013,MAWAR,20051219,05082517,2005,8,25,17,002,5,351,1395,975,065,3,0060,0040,3,0180,0110,Y
0511,0013,MAWAR,20051219,05082519,2005,8,25,19,002,5,355,1400,980,065,3,0060,0040,3,0180,0100,Y
0514,0017,NABI,20051219,05090604,2005,9,6,4,002,5,325,1302,960,070,1,0130,0110,2,0400,0350,Y
0514,0017,NABI,20051219,05090605,2005,9,6,5,002,5,327,1301,960,065,2,0130,0110,2,0400,0350,Y
0514,0017,NABI,20051219,05090719,2005,9,7,19,002,4,445,1415,985,050,0,0000,0000,9,0300,0300,Y
0607,0009,MARIA,20061030,06080822,2006,8,8,22,002,4,342,1391,992,050,0,0000,0000,3,0100,0030,Y
0610,0012,WUKONG,20061114,06081716,2006,8,17,16,002,3,318,1315,980,045,0,0000,0000,9,0180,0180,Y
0613,0015,SHANSHAN,20210329,06091520,2006,9,15,20,002,5,243,1239,919,110,9,0070,0070,9,0150,0150,Y
0613,0015,SHANSHAN,20210329,06091709,2006,9,17,9,002,5,329,1298,950,080,3,0100,0060,3,0200,0180,Y
0704,0004,MAN-YI,20070824,07071404,2007,7,14,4,002,5,312,1305,945,075,2,0120,0060,3,0350,0200,Y
0704,0004,MAN-YI,20070824,07071405,2007,7,14,5,002,5,314,1308,945,075,2,0120,0060,3,0350,0200,Y
0704,0004,MAN-YI,20070824,07071412,2007,7,14,12,002,5,327,1328,960,065,3,0120,0040,3,0300,0180,Y
0704,0004,MAN-YI,20070824,07071420,2007,7,14,20,002,4,335,1357,965,060,3,0120,0040,3,0300,0180,Y
0705,0005,USAGI,20071207,07080208,2007,8,2,8,002,5,323,1317,960,080,9,0090,0090,2,0220,0160,Y
0705,0005,USAGI,20071207,07080216,2007,8,2,16,002,4,339,1313,985,055,3,0070,0030,2,0210,0120,Y
0705,0005,USAGI,20071207,07080404,2007,8,4,4,002,3,411,1404,998,035,0,0000,0000,3,0150,0030,Y
0705,0005,USAGI,20071207,07080405,2007,8,4,5,002,3,412,1408,1000,035,0,0000,0000,3,0150,0030,Y
0709,0013,FITOW,20071207,07090614,2007,9,6,14,002,5,344,1388,970,065,2,0090,0060,1,0190,0150,Y
0709,0013,FITOW,20071207,07090715,2007,9,7,15,002,3,416,1407,992,045,0,0000,0000,3,0120,0070,Y
0709,0013,FITOW,20071207,07090718,2007,9,7,18,002,3,424,1407,994,040,0,0000,0000,3,0080,0040,Y
0712,0017,WIPHA,20071024,07091723,2007,9,17,23,002,5,242,1239,925,100,9,0090,0090,1,0240,0180,Y
0918,0022,MELOR,20100326,09100719,2009,10,7,19,002,5,342,1369,955,075,3,0120,0100,3,0325,0230,Y
0918,0022,MELOR,20100326,09100720,2009,10,7,20,002,5,346,1369,955,075,3,0120,0100,3,0325,0230,Y
1004,0006,DIANMU,20100924,10081208,2010,8,12,8,002,3,395,1401,994,040,0,0000,0000,3,0220,0100,Y
1007,0010,KOMPASU,20101015,10083108,2010,8,31,8,002,5,266,1281,960,080,1,0050,0040,1,0140,0080,Y
1009,0012,MALOU,20101110,10090702,2010,9,7,2,002,3,344,1292,996,045,0,0000,0000,2,0240,0120,Y
1009,0012,MALOU,20101110,10090802,2010,9,8,2,002,3,356,1360,1004,035,0,0000,0000,2,0140,0120,Y
1106,0009,MA-ON,20110830,11071914,2011,7,19,14,002,5,336,1343,960,075,2,0100,0060,3,0300,0250,Y
1106,0009,MA-ON,20110830,11072000,2011,7,20,0,002,4,335,1356,980,055,9,0040,0040,3,0350,0300,Y
1109,0012,MUIFA,20110926,11080513,2011,8,5,13,002,5,263,1268,950,080,1,0110,0090,2,0300,0240,Y
1112,0018,TALAS,20111017,11090301,2011,9,3,1,002,4,336,1339,984,050,0,0000,0000,2,0350,0300,Y
1112,0018,TALAS,20111017,11090309,2011,9,3,9,002,3,344,1339,988,045,0,0000,0000,2,0300,0250,Y
1115,0021,ROKE,20111101,11092105,2011,9,21,5,002,5,347,1376,950,080,3,0120,0080,9,0300,0300,Y
1204,0006,GUCHOL,20120724,12061908,2012,6,19,8,002,5,334,1355,960,070,3,0100,0060,3,0270,0180,Y
1204,0006,GUCHOL,20120724,12061911,2012,6,19,11,002,5,347,1370,970,065,3,0150,0060,3,0270,0180,Y
1210,0011,DAMREY,20120828,12080106,2012,8,1,6,002,4,304,1305,975,055,9,0040,0040,1,0240,0120,Y
1215,0018,BOLAVEN,20120926,12082612,2012,8,26,12,002,5,266,1280,930,085,9,0170,0170,2,0350,0300,Y
1216,0019,SANBA,20121016,12091522,2012,9,15,22,002,5,266,1282,935,090,2,0140,0090,2,0300,0270,Y
1217,0021,JELAWAT,20121113,12093006,2012,9,30,6,002,5,335,1357,965,070,3,0120,0100,3,0270,0240,Y
1217,0021,JELAWAT,20121113,12093008,2012,9,30,8,002,5,341,1366,965,070,3,0120,0100,3,0270,0240,Y
1217,0021,JELAWAT,20121113,12093010,2012,9,30,10,002,5,348,1374,975,070,3,0120,0100,3,0270,0240,Y
1317,0020,TORAJI,20131001,13090318,2013,9,3,18,002,4,314,1305,985,050,0,0000,0000,9,0120,0120,Y
1318,0022,MAN-YI,20131015,13091522,2013,9,15,22,002,4,345,1373,965,060,3,0100,0060,2,0280,0260,Y
1324,0029,DANAS,20131118,13100812,2013,10,8,12,002,4,345,1295,980,055,1,0060,0030,1,0150,0120,Y
1408,0009,NEOGURI,20140818,14070921,2014,7,9,21,002,4,321,1300,980,050,0,0000,0000,3,0325,0210,Y
1408,0009,NEOGURI,20140818,14071009,2014,7,10,9,002,4,335,1353,985,050,0,0000,0000,3,0325,0210,Y
1408,0009,NEOGURI,20140818,14071017,2014,7,10,17,002,3,346,1385,990,045,0,0000,0000,4,0325,0180,Y
1408,0009,NEOGURI,20140818,14071019,2014,7,10,19,002,3,349,1395,990,045,0,0000,0000,4,0325,0180,Y
1411,0013,HALONG,20140903,14080921,2014,8,9,21,002,5,335,1338,965,070,9,0080,0080,3,0270,0210,Y
1411,0013,HALONG,20140903,14081001,2014,8,10,1,002,5,345,1345,975,065,9,0060,0060,3,0270,0210,Y
1418,0020,PHANFONE,20141113,14100523,2014,10,5,23,002,5,347,1377,965,065,9,0100,0100,9,0270,0270,Y
1418,0020,PHANFONE,20141113,14100600,2014,10,6,0,002,5,349,1385,965,065,9,0100,0100,9,0270,0270,Y
1419,0021,VONGFONG,20141121,14101115,2014,10,11,15,002,5,264,1280,950,080,8,0150,0120,8,0375,0325,Y
1419,0021,VONGFONG,20141121,14101223,2014,10,12,23,002,5,311,1300,970,065,8,0150,0120,9,0375,0375,Y
1419,0021,VONGFONG,20141121,14101305,2014,10,13,5,002,4,329,1324,975,060,8,0150,0120,9,0375,0375,Y
1419,0021,VONGFONG,20141121,14101310,2014,10,13,10,002,4,342,1346,980,055,9,0130,0130,3,0400,0350,Y
1419,0021,VONGFONG,20141121,14101311,2014,10,13,11,002,4,344,1351,985,050,0,0000,0000,3,0400,0350,Y
1511,0011,NANGKA,20150814,15071614,2015,7,16,14,002,5,334,1341,965,065,9,0100,0100,9,0300,0300,Y
1511,0011,NANGKA,20150814,15071621,2015,7,16,21,002,4,345,1336,985,055,9,0080,0080,9,0270,0270,Y
1512,0012,HALOLA,20150819,15072609,2015,7,26,9,002,3,330,1297,996,040,0,0000,0000,3,0060,0050,Y
1512,0012,HALOLA,20150819,15072610,2015,7,26,10,002,3,331,1298,998,040,0,0000,0000,3,0060,0050,Y
1515,0015,GONI,20151008,15082310,2015,8,23,10,002,5,243,1239,940,090,9,0060,0060,3,0210,0150,Y
1515,0015,GONI,20151008,15082419,2015,8,24,19,002,5,320,1301,945,085,3,0090,0050,9,0250,0250,Y
1515,0015,GONI,20151008,15082420,2015,8,24,20,002,5,324,1305,950,085,3,0090,0050,9,0250,0250,Y
1515,0015,GONI,20151008,15082421,2015,8,24,21,002,5,328,1305,955,080,2,0100,0050,9,0250,0250,Y
1518,0018,ETAU,20151015,15090900,2015,9,9,0,002,3,345,1371,990,045,0,0000,0000,8,0210,0150,Y
1606,0010,CONSON,20160915,16081423,2016,8,14,23,002,3,433,1455,988,040,0,0000,0000,2,0210,0090,Y
1607,0012,CHANTHU,20160921,16081708,2016,8,17,8,002,4,418,1430,980,055,2,0080,0020,2,0180,0120,Y
1609,0016,MINDULLE,20160927,16082203,2016,8,22,3,002,5,348,1398,975,065,9,0040,0040,2,0150,0090,Y
1609,0016,MINDULLE,20160927,16082220,2016,8,22,20,002,4,418,1423,992,050,0,0000,0000,3,0150,0090,Y
1610,0015,LIONROCK,20160927,16083008,2016,8,30,8,002,5,388,1420,965,065,1,0120,0060,3,0325,0240,Y
1611,0017,KOMPASU,20160927,16082114,2016,8,21,14,002,3,429,1441,1002,035,0,0000,0000,2,0120,0060,Y
1612,0019,NAMTHEUN,20161005,16090416,2016,9,4,16,002,3,328,1297,1000,035,0,0000,0000,9,0030,0030,Y
1616,0023,MALAKAS,20161024,16091915,2016,9,19,15,002,5,311,1305,955,075,9,0060,0060,7,0240,0180,Y
1616,0023,MALAKAS,20161024,16092002,2016,9,20,2,002,5,333,1341,970,070,4,0060,0030,7,0240,0180,Y
1616,0023,MALAKAS,20161024,16092004,2016,9,20,4,002,4,337,1351,980,055,4,0060,0030,8,0240,0180,Y
1616,0023,MALAKAS,20161024,16092008,2016,9,20,8,002,3,349,1368,992,045,0,0000,0000,9,0090,0090,Y
1703,0006,NANMADOL,20170828,17070323,2017,7,3,23,002,4,327,1300,985,055,9,0020,0020,2,0100,0060,Y
1703,0006,NANMADOL,20170828,17070403,2017,7,4,3,002,4,332,1323,990,050,0,0000,0000,3,0100,0060,Y
1703,0006,NANMADOL,20170828,17070407,2017,7,4,7,002,4,337,1348,990,050,0,0000,0000,3,0100,0060,Y
1705,0010,NORU,20210329,17080517,2017,8,5,17,002,4,303,1304,970,060,9,0060,0060,9,0150,0150,Y
1705,0010,NORU,20210329,17080600,2017,8,6,0,002,4,307,1309,970,060,9,0060,0060,9,0150,0150,Y
1705,0010,NORU,20210329,17080700,2017,8,7,0,002,4,331,1340,970,060,9,0050,0050,3,0200,0150,Y
1705,0010,NORU,20210329,17080706,2017,8,7,6,002,4,340,1351,975,055,9,0050,0050,3,0200,0150,Y
1718,0025,TALIM,20171107,17091702,2017,9,17,2,002,4,310,1303,975,055,2,0100,0070,2,0300,0180,Y
1718,0025,TALIM,20171107,17091703,2017,9,17,3,002,4,314,1307,975,055,2,0100,0070,2,0300,0180,Y
1718,0025,TALIM,20171107,17091707,2017,9,17,7,002,4,327,1325,975,055,2,0100,0070,2,0300,0180,Y
1718,0025,TALIM,20171107,17091713,2017,9,17,13,002,4,347,1349,975,055,2,0100,0070,2,0300,0180,Y
1721,0030,LAN,20180330,17102218,2017,10,22,18,002,5,347,1381,950,080,8,0210,0120,9,0450,0450,Y
1722,0031,SAOLA,20171208,17102804,2017,10,28,4,002,4,266,1282,975,060,9,0080,0080,8,0300,0210,Y
1810,0012,AMPIL,20180904,18072023,2018,7,20,23,002,4,266,1283,985,050,0,0000,0000,1,0270,0180,Y
1812,0016,JONGDARI,20180910,18072816,2018,7,28,16,002,5,345,1367,970,065,1,0070,0050,1,0210,0120,Y
1812,0016,JONGDARI,20180910,18072908,2018,7,29,8,002,3,338,1312,992,040,0,0000,0000,7,0180,0120,Y
1812,0016,JONGDARI,20180910,18072914,2018,7,29,14,002,3,328,1301,994,035,0,0000,0000,9,0120,0120,Y
1815,0020,LEEPI,20181004,18081417,2018,8,14,17,002,3,324,1319,998,040,0,0000,0000,2,0090,0030,Y
1820,0025,CIMARON,20181005,18082312,2018,8,23,12,002,5,338,1346,970,075,2,0090,0060,2,0270,0150,Y
1820,0025,CIMARON,20181005,18082314,2018,8,23,14,002,5,346,1346,975,070,4,0120,0060,2,0270,0150,Y
1821,0027,JEBI,20181019,18090402,2018,9,4,2,002,5,333,1342,950,085,2,0120,0040,2,0300,0120,Y
1821,0027,JEBI,20181019,18090404,2018,9,4,4,002,5,343,1348,955,085,3,0100,0040,3,0300,0120,Y
1824,0031,TRAMI,20181203,18093011,2018,9,30,11,002,5,338,1355,960,080,3,0150,0080,3,0350,0240,Y
1906,0008,NARI,20190904,19072622,2019,7,26,22,002,3,341,1363,1000,035,0,0000,0000,2,0210,0120,Y
1908,0010,FRANCISCO,20191002,19080520,2019,8,5,20,002,5,319,1315,970,070,9,0030,0030,9,0090,0090,Y
1910,0012,KROSA,20210329,19081502,2019,8,15,2,002,4,334,1323,975,050,0,0000,0000,2,0325,0270,Y
1910,0012,KROSA,20210329,19081506,2019,8,15,6,002,3,343,1326,978,045,0,0000,0000,2,0325,0270,Y
1915,0019,FAXAI,20191114,19090817,2019,9,8,17,002,5,351,1395,960,080,3,0060,0040,3,0120,0090,Y
1915,0019,FAXAI,20191114,19090819,2019,9,8,19,002,5,355,1399,960,080,3,0060,0040,3,0120,0090,Y
1919,0025,HAGIBIS,20191129,19101209,2019,10,12,9,002,5,346,1387,955,080,3,0180,0140,9,0350,0350,Y
2108,0011,NEPARTAK,20211102,21072720,2021,7,27,20,002,3,382,1417,994,035,0,0000,0000,9,0150,0150,Y
2109,0014,LUPIT,20211104,21080811,2021,8,8,11,002,3,313,1304,988,040,0,0000,0000,3,0325,0180,Y
2109,0014,LUPIT,20211104,21080820,2021,8,8,20,002,3,344,1325,984,045,0,0000,0000,3,0325,0180,Y
2114,0021,CHANTHU,20211218,21091709,2021,9,17,9,002,4,338,1302,990,050,0,0000,0000,1,0210,0180,Y
2114,0021,CHANTHU,20211218,21091715,2021,9,17,15,002,3,338,1325,994,045,0,0000,0000,1,0210,0180,Y
2114,0021,CHANTHU,20211218,21091721,2021,9,17,21,002,3,340,1351,996,040,0,0000,0000,9,0180,0180,Y
2204,0004,AERE,20221006,22070214,2022,7,2,14,002,3,264,1279,994,045,0,0000,0000,2,0210,0100,Y
2204,0004,AERE,20221006,22070420,2022,7,4,20,002,3,330,1297,1000,035,0,0000,0000,2,0100,0060,Y
2208,0009,MEARI,20221116,22081305,2022,8,13,5,002,3,345,1380,998,040,0,0000,0000,3,0180,0090,Y
2208,0009,MEARI,20221116,22081308,2022,8,13,8,002,3,350,1387,998,040,0,0000,0000,3,0180,0090,Y
2212,0016,MUIFA,20221124,22091203,2022,9,12,3,002,5,245,1242,965,075,9,0070,0070,8,0150,0120,Y
2214,0018,NANMADOL,20221219,22091804,2022,9,18,4,002,5,303,1306,930,090,1,0140,0100,2,0400,0300,Y
2214,0018,NANMADOL,20221219,22091808,2022,9,18,8,002,5,311,1306,940,085,8,0140,0100,2,0350,0300,Y
2214,0018,NANMADOL,20221219,22091810,2022,9,18,10,002,5,315,1305,940,085,8,0140,0100,2,0350,0300,Y
2214,0018,NANMADOL,20221219,22091818,2022,9,18,18,002,5,332,1304,965,070,8,0140,0100,2,0350,0300,Y
2307,0009,LAN,20231114,23081419,2023,8,14,19,002,4,335,1360,975,060,9,0070,0070,2,0150,0120,Y
2307,0009,LAN,20231114,23081504,2023,8,15,4,002,4,347,1349,985,050,0,0000,0000,2,0150,0120,Y
2405,0006,MARIA,20241115,24081123,2024,8,11,23,002,4,389,1418,985,050,0,0000,0000,1,0240,0150,Y
2410,0012,SHANSHAN,20241203,24082823,2024,8,28,23,002,5,319,1303,955,075,9,0060,0060,9,0210,0210,Y
2505,0007,NARI,20251211,25071417,2025,7,14,17,002,3,420,1432,994,040,0,0000,0000,3,0210,0090,Y
2508,0011,CO-MAY,20251029,25072806,2025,7,28,6,002,3,266,1280,988,040,0,0000,0000,1,0270,0150,Y
2512,0017,LINGLING,20251121,25082108,2025,8,21,8,002,3,316,1303,994,045,0,0000,0000,4,0100,0060,Y
2515,0020,PEIPAH,20251217,25090416,2025,9,4,16,002,3,330,1324,1000,035,0,0000,0000,3,0270,0090,Y
2515,0020,PEIPAH,20251217,25090421,2025,9,4,21,002,3,334,1341,1000,035,0,0000,0000,2,0240,0090,Y
2515,0020,PEIPAH,20251217,25090423,2025,9,4,23,002,3,338,1349,1000,040,0,0000,0000,3,0240,0090,Y
2515,0020,PEIPAH,20251217,25090503,2025,9,5,3,002,3,347,1372,998,040,0,0000,0000,4,0240,0090,Y
2515,0020,PEIPAH,20251217,25090504,2025,9,5,4,002,3,347,1383,994,045,0,0000,0000,4,0240,0120,Y
2515,0020,PEIPAH,20251217,25090507,2025,9,5,7,002,3,350,1397,992,045,0,0000,0000,4,0270,0150,Y
