source_event,source_location,anchor_date,latitude,longitude,sample_type,flood,window_start,window_end,rain_sum_past_3day,rain_sum_past_7day,max_daily_rain_past_7day,rain_flag_50mm,precipitation_hours_past_7day,river_discharge,river_discharge_mean_7day,river_discharge_median_7day,river_discharge_max_7day,discharge_ratio,elevation,weather_api_latitude,weather_api_longitude,flood_api_latitude,flood_api_longitude
FL-2021-000114-JPN,,2021-07-01,36.0668621325789,138.046569824219,non_flood,0,2021-06-24,2021-06-30,14.3,22.099999999999998,10.5,0,49.0,10.48,5.264285714285714,4.37,10.48,2.398169336384439,791.0,36.02812,138.03108,36.075005,138.02502
FL-2022-000288-JPN,Japan,2022-09-29,34.9332488,138.0955398,non_flood,0,2022-09-22,2022-09-28,1.9000000000000001,151.0,121.6,1,51.0,0.92,9.117142857142857,7.45,23.89,0.05032822757111597,343.0,34.90334,138.08376,34.925003,138.07501
FL-2022-000267-JPN,,2022-05-31,38.2601714443838,140.878656421875,non_flood,0,2022-05-24,2022-05-30,0.1,45.4,45.3,0,10.0,0.44,0.9357142857142858,0.53,3.22,0.830188679245283,40.0,38.27768,140.83784,38.275,140.875
FL-2022-000288-JPN,Japan,2022-08-15,34.9332488,138.0955398,flood,1,2022-08-08,2022-08-14,138.3,175.5,82.5,1,119.0,20.04,5.361428571428571,0.75,20.04,26.72,343.0,34.90334,138.08376,34.925003,138.07501
FL-2024-000129-JPN,"shinjo, yamagata",2024-06-10,38.7650067,140.3016961,non_flood,0,2024-06-03,2024-06-09,0.1,36.9,28.3,0,26.0,0.23,0.5871428571428571,0.36,1.39,0.1654676258992806,101.0,38.76977,140.34106,38.775,140.32501
FL-2022-000282-JPN,Japan,2022-08-10,38.4746705,140.083237,flood,1,2022-08-03,2022-08-09,8.0,50.49999999999999,23.0,0,70.0,0.34,0.5785714285714285,0.34,1.55,0.21935483870967742,688.0,38.488575,140.06784,38.475006,140.07501
FL-2024-000129-JPN,"shinjo, yamagata",2024-07-25,38.7650067,140.3016961,flood,1,2024-07-18,2024-07-24,15.700000000000001,71.39999999999999,38.9,0,58.0,0.23,0.7942857142857143,0.39,2.37,0.0970464135021097,101.0,38.76977,140.34106,38.775,140.32501
FL-2026-000170-JPN,Hakui,2026-08-27,36.8936153,136.7790081,flood,1,2026-08-20,2026-08-26,8.9,20.0,9.6,0,25.0,1.52,1.4371428571428573,1.42,1.63,1.1259259259259258,14.0,36.871704,136.77632,36.875,136.77502
FL-2022-000282-JPN,Japan,2022-06-26,38.4746705,140.083237,non_flood,0,2022-06-19,2022-06-25,18.9,33.9,8.2,0,63.0,0.97,0.5428571428571428,0.37,1.03,1.94,688.0,38.488575,140.06784,38.475006,140.07501
FL-2022-000267-JPN,,2022-07-15,38.2601714443838,140.878656421875,flood,1,2022-07-08,2022-07-14,116.2,130.6,95.9,1,101.0,1.64,1.0699999999999998,0.64,2.71,4.4324324324324325,40.0,38.27768,140.83784,38.275,140.875
FL-2026-000170-JPN,Hakui,2026-07-13,36.8936153,136.7790081,non_flood,0,2026-07-06,2026-07-12,0.0,10.0,9.8,0,12.0,2.64,3.2714285714285714,3.25,3.94,0.7213114754098361,14.0,36.871704,136.77632,36.875,136.77502
FL-2021-000114-JPN,,2021-08-15,36.0668621325789,138.046569824219,flood,1,2021-08-08,2021-08-14,153.3,165.2,104.8,1,102.0,416.83,79.75714285714285,5.79,416.83,92.62888888888888,791.0,36.02812,138.03108,36.075005,138.02502
FL-2020-000160-JPN,,2020-07-04,32.215124850215,130.743408203125,flood,1,2020-06-27,2020-07-03,137.5,403.3,136.5,1,93.0,778.83,375.2628571428572,327.1,778.83,2.381014980128401,106.0,32.231983,130.75061,32.225006,130.725
FL-2019-000097-JPN,,2019-08-28,33.1950293443582,130.02534866333,flood,1,2019-08-21,2019-08-27,81.6,138.79999999999998,59.0,1,123.0,4.64,2.5228571428571427,2.11,4.64,2.5635359116022096,12.0,33.216167,130.01231,33.175003,130.02502
FL-2017-000082-JPN,,2017-07-05,33.3660905371217,130.759887695312,flood,1,2017-06-28,2017-07-04,40.199999999999996,74.9,36.8,0,76.0,33.99,34.92714285714286,33.99,59.81,0.9379139072847682,68.0,33.356766,130.77779,33.375,130.77502
FL-2020-000160-JPN,,2020-05-20,32.215124850215,130.743408203125,non_flood,0,2020-05-13,2020-05-19,92.60000000000001,180.9,84.4,1,73.0,219.8,162.92285714285714,210.35,290.74,1.117437722419929,106.0,32.231983,130.75061,32.225006,130.725
FL-2016-000063-JPN,,2016-06-20,32.8426736319543,130.71044921875,flood,1,2016-06-13,2016-06-19,72.69999999999999,125.19999999999999,69.6,1,68.0,101.57,50.614285714285714,45.03,101.57,6.807640750670241,69.0,32.794376,130.70905,32.825005,130.725
FL-2019-000097-JPN,,2019-07-14,33.1950293443582,130.02534866333,non_flood,0,2019-07-07,2019-07-13,61.3,122.20000000000002,59.5,1,73.0,3.38,2.46,2.47,3.38,1.7883597883597884,12.0,33.216167,130.01231,33.175003,130.02502
FL-2013-000086-JPN,Shimane and Yamaguchi prefectures,2013-07-28,35.0056960703019,132.3913200125,flood,1,2013-07-21,2013-07-27,4.6,6.8999999999999995,2.8,0,26.0,0.06,0.09142857142857141,0.09,0.11,0.6666666666666666,349.0,35.043934,132.36641,35.025,132.375
FL-2017-000082-JPN,,2017-05-21,33.3660905371217,130.759887695312,non_flood,0,2017-05-14,2017-05-20,0.0,0.4,0.3,0,3.0,12.87,55.01,23.83,206.49,0.35939681653169503,68.0,33.356766,130.77779,33.375,130.77502
FL-2018-000082-JPN,"Horoshima, Okayama, Yamaguchi, etc.",2018-05-23,36.204824,138.252924,non_flood,0,2018-05-16,2018-05-22,0.1,13.6,11.3,0,17.0,0.16,0.39428571428571424,0.28,1.16,0.64,1006.0,36.168716,138.27272,36.225006,138.27502
FL-2018-000082-JPN,"Horoshima, Okayama, Yamaguchi, etc.",2018-07-07,36.204824,138.252924,flood,1,2018-06-30,2018-07-06,110.80000000000001,111.5,53.0,1,70.0,9.91,3.4728571428571433,0.12,13.83,82.58333333333334,1006.0,36.168716,138.27272,36.225006,138.27502
FL-2013-000086-JPN,Shimane and Yamaguchi prefectures,2013-06-13,35.0056960703019,132.3913200125,non_flood,0,2013-06-06,2013-06-12,0.0,0.1,0.1,0,1.0,0.09,0.08999999999999998,0.09,0.09,1.0,349.0,35.043934,132.36641,35.025,132.375
FL-2016-000063-JPN,,2016-05-06,32.8426736319543,130.71044921875,non_flood,0,2016-04-29,2016-05-05,25.2,25.2,25.2,0,11.0,25.18,19.551428571428573,21.59,39.36,4.480427046263345,69.0,32.794376,130.70905,32.825005,130.725
FL-2012-000139-JPN,Kansai ,2012-08-14,40.5255926,141.4511664,flood,1,2012-08-07,2012-08-13,5.3,12.299999999999999,5.0,0,28.0,25.42,10.459999999999999,8.1,25.42,3.138271604938272,7.0,40.52724,141.48305,40.525,141.475
FL-2012-000114-JPN,Fukuoka ,2012-07-04,33.5903547,130.4017155,flood,1,2012-06-27,2012-07-03,68.4,107.2,44.7,0,107.0,22.12,15.195714285714288,13.89,22.12,1.9909990999099911,8.0,33.56766,130.37175,33.575005,130.42502
FL-2012-000139-JPN,Kansai ,2012-09-28,40.5255926,141.4511664,non_flood,0,2012-09-21,2012-09-27,3.9,11.8,4.7,0,27.0,7.45,12.510000000000002,13.96,16.06,0.4847104749512037,7.0,40.52724,141.48305,40.525,141.475
FL-2012-000114-JPN,Fukuoka ,2012-05-20,33.5903547,130.4017155,non_flood,0,2012-05-13,2012-05-19,2.3,9.7,4.0,0,21.0,0.94,1.2757142857142856,1.25,1.84,0.5696969696969697,8.0,33.56766,130.37175,33.575005,130.42502
FL-2011-000097-JPN,Niigata,2011-06-14,37.9161924,139.0364126,non_flood,0,2011-06-07,2011-06-13,3.5,4.1,1.8,0,14.0,1.5,0.4114285714285714,0.22,1.5,7.894736842105263,4.0,37.926186,139.04698,37.925003,139.02502
FL-2011-000097-JPN,Niigata,2011-07-29,37.9161924,139.0364126,flood,1,2011-07-22,2011-07-28,77.4,77.4,66.7,1,32.0,12.55,2.64,0.09,12.55,156.875,4.0,37.926186,139.04698,37.925003,139.02502
FL-2010-000135-JPN,,2010-04-27,36.204824,138.252924,non_flood,0,2010-04-20,2010-04-26,0.0,33.300000000000004,23.1,0,52.0,0.19,0.7985714285714287,0.53,2.56,0.2638888888888889,1006.0,36.168716,138.27272,36.225006,138.27502
FL-2010-000212-JPN,,2010-09-05,36.204824,138.252924,non_flood,0,2010-08-29,2010-09-04,0.0,0.3,0.3,0,2.0,0.16,0.16142857142857145,0.16,0.17,1.0,1006.0,36.168716,138.27272,36.225006,138.27502
FL-2010-000135-JPN,,2010-06-11,36.204824,138.252924,flood,1,2010-06-04,2010-06-10,5.6,6.0,4.1,0,20.0,0.19,0.19857142857142857,0.19,0.25,1.0,1006.0,36.168716,138.27272,36.225006,138.27502
FL-2010-000212-JPN,,2010-10-20,36.204824,138.252924,flood,1,2010-10-13,2010-10-19,0.0,1.2,0.9,0,8.0,0.15,0.16714285714285712,0.16,0.19,0.8823529411764705,1006.0,36.168716,138.27272,36.225006,138.27502
FL-2010-000134-JPN,,2010-06-11,36.204824,138.252924,flood,1,2010-06-04,2010-06-10,5.6,6.0,4.1,0,20.0,0.19,0.19857142857142857,0.19,0.25,1.0,1006.0,36.168716,138.27272,36.225006,138.27502
FL-2010-000134-JPN,,2010-04-27,36.204824,138.252924,non_flood,0,2010-04-20,2010-04-26,0.0,33.300000000000004,23.1,0,52.0,0.19,0.7985714285714287,0.53,2.56,0.2638888888888889,1006.0,36.168716,138.27272,36.225006,138.27502
FL-2008-000120-JPN,western Japan,2008-07-28,35.1877165363885,133.96825603125,flood,1,2008-07-21,2008-07-27,21.8,29.3,21.1,0,39.0,0.52,0.5314285714285715,0.52,0.63,1.0,725.0,35.184532,133.96683,35.175003,133.975
FL-2008-000120-JPN,western Japan,2008-06-13,35.1877165363885,133.96825603125,non_flood,0,2008-06-06,2008-06-12,7.1,11.2,6.0,0,24.0,1.31,1.715714285714286,0.81,5.97,1.6172839506172838,725.0,35.184532,133.96683,35.175003,133.975
FL-2007-000094-JPN,"Misato city, Kumamoto prefecture",2007-07-06,32.6395887,130.7890259,flood,1,2007-06-29,2007-07-05,144.6,226.89999999999998,82.9,1,113.0,292.76,154.85857142857142,130.22,301.69,18.912144702842376,80.0,32.653778,130.82927,32.625,130.77502
FL-2006-000102-JPN,,2006-07-19,36.204824,138.252924,flood,1,2006-07-12,2006-07-18,158.5,166.3,70.7,1,88.0,34.48,5.632857142857143,0.03,34.48,1723.9999999999998,1006.0,36.168716,138.27272,36.225006,138.27502
FL-2006-000102-JPN,,2006-06-04,36.204824,138.252924,non_flood,0,2006-05-28,2006-06-03,0.0,2.6,2.6,0,12.0,0.0,0.02142857142857143,0.03,0.03,0.0,1006.0,36.168716,138.27272,36.225006,138.27502
FL-2005-000101-JPN,Niigata,2005-05-14,37.9161924,139.0364126,non_flood,0,2005-05-07,2005-05-13,7.9,20.1,9.4,0,40.0,0.94,0.6328571428571428,0.59,0.94,1.5932203389830508,4.0,37.926186,139.04698,37.925003,139.02502
FL-2004-000057-JPN,Fukui Prefecture,2004-06-03,36.0651779,136.2215269,non_flood,0,2004-05-27,2004-06-02,27.0,43.3,27.0,0,42.0,0.53,1.1085714285714285,1.16,2.53,0.456896551724138,12.0,36.098415,136.22568,36.075005,136.225
FL-2005-000101-JPN,Niigata,2005-06-28,37.9161924,139.0364126,flood,1,2005-06-21,2005-06-27,21.9,21.9,21.9,0,19.0,7.24,1.1042857142857143,0.06,7.24,120.66666666666667,4.0,37.926186,139.04698,37.925003,139.02502
FL-2004-000057-JPN,Fukui Prefecture,2004-07-18,36.0651779,136.2215269,flood,1,2004-07-11,2004-07-17,22.4,36.0,12.1,0,46.0,9.64,1.9642857142857142,0.58,9.64,32.13333333333334,12.0,36.098415,136.22568,36.075005,136.225
FL-2004-000053-JPN,Niigata and Fukushima prefectures ,2004-07-13,37.9161924,139.0364126,flood,1,2004-07-06,2004-07-12,46.3,48.8,32.0,0,58.0,9.47,2.812857142857143,0.23,9.47,55.705882352941174,4.0,37.926186,139.04698,37.925003,139.02502
FL-2007-000094-JPN,"Misato city, Kumamoto prefecture",2007-05-22,32.6395887,130.7890259,non_flood,0,2007-05-15,2007-05-21,0.9,16.2,7.1,0,34.0,1.9,3.657142857142857,2.25,10.32,0.18410852713178294,80.0,32.653778,130.82927,32.625,130.77502
FL-2004-000052-JPN,Niigata and Fukushima prefectures ,2004-05-29,37.9161924,139.0364126,non_flood,0,2004-05-22,2004-05-28,0.0,7.199999999999999,3.3,0,18.0,0.44,1.1385714285714283,0.94,2.28,0.33587786259541985,4.0,37.926186,139.04698,37.925003,139.02502
FL-2004-000053-JPN,Niigata and Fukushima prefectures ,2004-05-29,37.9161924,139.0364126,non_flood,0,2004-05-22,2004-05-28,0.0,7.199999999999999,3.3,0,18.0,0.44,1.1385714285714283,0.94,2.28,0.33587786259541985,4.0,37.926186,139.04698,37.925003,139.02502
FL-2004-000052-JPN,Niigata and Fukushima prefectures ,2004-07-13,37.9161924,139.0364126,flood,1,2004-07-06,2004-07-12,46.3,48.8,32.0,0,58.0,9.47,2.812857142857143,0.23,9.47,55.705882352941174,4.0,37.926186,139.04698,37.925003,139.02502
