glidenumber,number,docid,event,event_name,geocode,location,latitude,longitude,latitude2,longitude2,shape_type,year,month,day,status,killed,injured,homeless,affected,magnitude,duration,comments,source
TC-2026-000179-JPN,2026-000179,23931,TC,tropical cyclone,JPN,Kanto Region,0.0,0.0,0.0,0.0,0,2026,9,21,A,0,0,0,0,,0,"Four people have been confirmed dead and at least six were missing, after Typhoon Dujuan (Typhoon No. 25) brought record-breaking rainfall to eastern Japan on 22 September 2026, triggering landslides, flooding and widespread transport disruptions.",ADRC
FL-2026-000170-JPN,2026-000170,23921,FL,flood,JPN,Hakui,36.8936153,136.7790081,0.0,0.0,0,2026,8,27,A,0,0,0,0,,0,"Heavy rain flooded homes and submerged roads in Japan&#39;s Ishikawa and Toyama prefectures on 27 August, leaving vehicles stranded and triggering landslides that isolated several communities.",
TC-2026-000144-JPN,2026-000144,23892,TC,tropical cyclone,JPN,Okinawa,27.3734872659183,128.608873270313,0.0,0.0,3,2026,8,6,A,0,0,0,0,,0,"Typhoon Dolphin, known in Japan as Typhoon No. 13, moved west near Okinawa&#39;s Minamidaito Island on Thursday, August 6, and is expected to approach Okinawa and Amami by Friday, with authorities warning of heavy rain and high waves from Kyushu to Kanto.",
EQ-2026-000135-JPN,2026-000135,23883,EQ,earthquake,JPN,Kumamoto,32.6,130.7,0.0,0.0,0,2026,7,28,A,0,0,0,0,,0,"An earthquake with a preliminary magnitude of 7.1 struck Japan&#39;s southern ​Kumamoto prefecture on Tuesday, the Japan ‌Meteorological Agency said.
A tsunami warning for a wave measuring 1 m (3.28 feet) was issued after ​the earthquake, the JMA said.",
EQ-2026-000096-JPN,2026-000096,23832,EQ,earthquake,JPN,Yamanashi,35.58,139.07,0.0,0.0,0,2026,6,26,A,0,0,0,0,,0,"A magnitude 5.6 earthquake jolted Yamanashi and surrounding prefectures, including the Tokyo metropolitan area, on Friday evening, causing damage to some structures and triggering at least one landslide.The quake left six people injured.",
EQ-2026-000094-JPN,2026-000094,23830,EQ,earthquake,JPN,Aomori,40.8222197,140.7473524,0.0,0.0,0,2026,6,25,A,0,0,0,0,,0,"At least four people were injured after a 7.2-magnitude earthquake struck northeastern Japan on Thursday morning, 25 June 2026. The temblor, revised up from a preliminary magnitude of 6.9, occurred at around 7:30 a.m. local time off the eastern coast of Iwate Prefecture at a depth of about 40 km.",
LS-2026-000092-JPN,2026-000092,23827,LS,land slide,JPN,鹿児島いちき串木野市,31.7145684,130.2720139,0.0,0.0,0,2026,6,24,A,0,0,0,0,,0,"On 24 June 2026, various parts of Kyushu region were battered by extremely heavy rain as warm, moist air flowed toward the seasonal rain front. A linear rainband formed over Kagoshima Prefecture. Level 4 Urgent Warnings were issued for Kagoshima, Miyazaki and Nagasaki prefectures, and landslides were reported.",
TC-2026-000090-JPN,2026-000090,23829,TC,tropical cyclone,JPN,Okinawa,23.5,125.5,0.0,0.0,0,2026,6,25,A,0,0,0,0,,0,"Typhoon Mekkhala, also known as Typhoon No. 7, was located south of Okinawa as of 3:00 p.m. on Wednesday and moving slowly in a north direction, according to the Japan Meteorological Agency.",
TC-2026-000078-JPN,2026-000078,23811,TC,tropical cyclone,JPN,Amami,28.3773699,129.4938065,0.0,0.0,0,2026,5,28,A,0,0,0,0,,0,"Typhoon Jangmi, also known as Typhoon No. 6, is moving northwest over the waters east of the Philippines on Thursday. It is expected to develop further as it continues moving northward and may approach Okinawa and the Amami Islands with strong intensity early next week.",
WF-2026-000060-JPN,2026-000060,23792,WF,wild fire,JPN,Otsuchi Town,39.3583253,141.9005361,0.0,0.0,0,2026,4,22,A,0,0,0,0,,0,"Wildfires broke out Wednesday at two sites in the same town in Iwate Prefecture, northeastern Japan, prompting local authorities to urge over 1,000 residents to evacuate, while requesting assistance from the Self-Defense Forces to fight the flames.",
EQ-2026-000057-JPN,2026-000057,23779,EQ,earthquake,JPN,Japan,39.9532,143.0462,0.0,0.0,3,2026,4,20,A,0,0,0,0,7.4,1,"GDACS - Medium humanitarian impact, magnitude 7.4M tsunami generates 1.01m",GDACS
CW-2026-000013-JPN,2026-000013,23727,CW,cold wave,JPN,Sea of Japan coastline,0.0,0.0,0.0,0.0,0,2026,1,21,A,0,0,0,0,,0,"From 21 to 25 January 2026, a persistent strong winter-type pressure pattern persisted over the vicinity of Japan, bringing heavy snowfall to the Sea of Japan side from northern to western Japan, and to inland areas from eastern to western Japan. Subsequently, snowfall continued mainly on the Sea of Japan side, and as of 2 February, Fire and Disaster Management Agency says harsh winter conditions and snow-related accidents over the last 14 days have left 27 people dead.",ADRC
EQ-2025-000220-JPN,2025-000220,23699,EQ,earthquake,JPN,,40.9597,142.1852,0.0,0.0,0,2025,12,8,A,0,0,0,0,,0,"A magnitude 7.6 earthquake struck off eastern Aomori Prefecture around 11:15 p.m. Monday, triggering a tsunami warning for coastal areas of Aomori, Iwate and Hokkaido prefectures.People in affected areas are being advised to immediately evacuate to higher ground.",
WF-2025-000021-JPN,2025-000021,23465,WF,wild fire,JPN,Ofunato,39.0832516,141.708378,0.0,0.0,0,2025,2,26,A,0,0,0,0,,0,"More than 80 homes appear to have burned down and some 2,000 people have been ordered to evacuate after a wildfire broke out in a northeastern Japan city on 27 February 2025. The blaze since 26 February has burned across 600 hectares of land in Ofunato, Iwate Prefecture, the municipal government said.",
FL-2024-000173-JPN,2024-000173,23331,FL,flood,JPN,Ishikawa prefecture,0.0,0.0,0.0,0.0,0,2024,9,20,A,0,0,0,0,,0,"Seven people are dead in the wake of torrential downpours in the central Ishikawa Prefecture of Japan since 20 September 2024 that have caused rivers to flood and mudslides across the Noto region. Some people living in temporary shelters following the New Years Day earthquake are once again facing recovery efforts, this time from flooding.",ADRC
TC-2024-000160-JPN,2024-000160,23313,TC,tropical cyclone,JPN,gamagori,34.8259551,137.2197862,0.0,0.0,0,2024,8,29,A,0,0,0,0,,0,"Millions of people were told to evacuate from their homes as Typhoon Shanshan lashed southwest Japan with strong winds and heavy rain on Thursday, knocking out power, snarling air traffic and forcing major factories to close.
At least three people have been killed so far and scores injured in what authorities have warned could be one of the strongest ever storms to hit the region.",
TC-2024-000143-JPN,2024-000143,23296,TC,tropical cyclone,JPN,iwate prefecture,39.5832989,141.2534574,0.0,0.0,0,2024,8,12,A,0,0,0,0,,0,"Tropical Storm Maria made landfall on Monday in Japan&#39;s northern region of Iwate, bringing torrential rain that disrupted flights and rail services while forcing people in some areas to evacuate homes, but there were no immediate reports of casualties. The Japan Meteorological Agency warned of risks from mudslides and floods after record-breaking rainfall over the last two days in some cities of the region.",
FL-2024-000129-JPN,2024-000129,23281,FL,flood,JPN,"shinjo, yamagata",38.7650067,140.3016961,0.0,0.0,0,2024,7,25,A,0,0,0,0,,0,"Heavy rainfall has been affecting northern Japan since 25 July, in particular Yamagata, Shiga and Akita prefecture, causing floods and landslides and resulting in casualties and damage.",
EQ-2024-000001-JPN,2024-000001,23127,EQ,earthquake,JPN,Ishikawa,0.0,0.0,0.0,0.0,0,2024,1,1,A,0,0,0,0,,0,"An earthquake with a preliminary magnitude of 7.6 hit north central Japan on Monday, public broadcaster NHK said. The Japan Meteorological Agency issued a tsunami warning along western coastal regions of Ishikawa, Niigata and Toyama prefectures.
Tsunami of up to 5 metres high are believed to be reaching Noto in Ishikawa Prefecture, according to the weather agency. Waves more than 1 metre high hit the coast of Wajima City in Ishikawa Prefecture, NHK reported.",
TC-2023-000077-JPN,2023-000077,22865,TC,tropical cyclone,JPN,,34.769132566882,137.401483570312,0.0,0.0,0,2023,6,3,A,0,0,0,0,,0,"Heavy rain across parts of Japan killed one person, left two missing and injured dozens more, authorities said, with thousands of people issued evacuation warnings. The inundation was caused by the remnants of former typhoon Mawar, downgraded to a tropical storm.",
EQ-2023-000065-JPN,2023-000065,22844,EQ,earthquake,JPN,,37.4898962277309,137.282533757077,0.0,0.0,0,2023,5,5,A,0,0,0,0,M6.3,1,"https://www.data.jma.go.jp/multi/quake/quake_detail.html?eventID=20230505144657&amp;lang=en
At 14:42 (JST) on 5 May (Fri), an earthquake with a maximum intensity of 6+ (JMA scale) was recorded in Ishikawa Prefecture.

Epicentre: Noto region, Ishikawa Prefecture
Magnitude: 6.3
Depth of epicentre: approximately 10 km
The earthquake may cause some sea level fluctuations along the coast of Japan, but there are no concerns about damage.",JMA (Japan Meteorological Agency)
TC-2022-000301-JPN,2022-000301,22664,TC,tropical cyclone,JPN,Ishigaki island,22.1357837795767,123.735991075,0.0,0.0,3,2022,9,1,A,0,0,0,0,,0,"Tropical Cyclone HINNAMNOR is moving south-west over the Philippine Sea and on 1 September at 0.00 UTC, its centre was located about 240 km south of Ishigaki Island (southern Ryukyu Islands, southern Japan), and about 450 km west of the eastern coast of Taiwan, with maximum sustained winds of 259 km/h. 
Heavy rainfall, strong winds, and high waves were reported across the Ryukyu Islands, particularly in Okinawa. Evacuation orders are in effect for people in Okinawa, as reported by the Japanese Fire and Disaster Management Agency (FDMA).",
FL-2022-000288-JPN,2022-000288,22651,FL,flood,JPN,Japan,34.9332488,138.0955398,0.0,0.0,3,2022,8,15,A,0,0,0,0,0,1,GDACS - Medium in Japan ,GDACS
FL-2022-000282-JPN,2022-000282,22645,FL,flood,JPN,Japan,38.4746705,140.083237,0.0,0.0,0,2022,8,10,A,0,0,0,0,0,1,GDACS - Medium in Japan ,GDACS
FL-2022-000267-JPN,2022-000267,22630,FL,flood,JPN,,38.2601714443838,140.878656421875,0.0,0.0,0,2022,7,15,A,0,0,0,0,,0,"Media reported evacuation orders were issued for around 256,000 residents in Miyagi Prefecture, Japan, after heavy rainfall from 15 July 2022. FDMA reported 1 person missing after the Natori Rive broke its banks in Sendai, and 1 person was injured in Osaki. Around 46 houses were damaged, mostly in Osaki. FDMA also reported landslides left around 50 people isolated in Kuma District, Kumamoto Prefecture.",
EQ-2022-000185-JPN,2022-000185,22547,EQ,earthquake,JPN,,37.7,141.6,0.0,0.0,0,2022,3,16,A,0,0,0,0,,0,A 7.3-magnitude earthquake has struck northeastern Japan. The Meteorological Agency has issued a tsunami advisory for coastal areas of Miyagi and Fukushima prefectures.,
EQ-2022-000108-JPN,2022-000108,22468,EQ,earthquake,JPN,,32.7,132.1,0.0,0.0,0,2022,1,22,A,0,0,0,0,,0,"An earthquake with a magnitude of 6.6 rattled southwestern and western Japan early Saturday, leaving more than 10 injured amid strong shaking but no tsunami waves were triggered, the weather agency and local authorities said.",
VO-2021-000191-JPN,2021-000191,22317,VO,volcano,JPN,,24.2752922524451,141.481547162264,0.0,0.0,0,2021,8,15,A,0,0,0,0,,0,Okinawa prefectural officials met Wednesday to discuss ways to collect a large amount of pumice stones apparently from the eruption of an undersea volcano from the Ogasawara Islands.,https://www.japantimes.co.jp/news/2021/10/27/national/okinawa-pumice-stones/
VO-2021-000163-JPN,2021-000163,22289,VO,volcano,JPN,,32.8823103203424,131.105800388913,0.0,0.0,0,2021,10,20,A,0,0,0,0,,0,"An eruption was observed Wednesday at Mt. Aso in southwestern Japan, the weather agency said.

The eruption occurred at 11:43 a.m. at the No. 1 Nakadake crater, according to the Japan Meteorological Agency. Mt. Aso&#39;s volcanic alert level was raised to 3 on a scale of 5, with people urged not to approach the mountain.",https://english.kyodonews.net/news/2021/10/fcaf30350266-urgent-mt-aso-in-southwest-japan-erupts-alert-level-raised.html
FL-2021-000114-JPN,2021-000114,22240,FL,flood,JPN,,36.0668621325789,138.046569824219,0.0,0.0,0,2021,8,15,A,0,0,0,0,,0,"Torrential rain lashed much of Japan on Sunday, flooding roads and buildings in the western part of the country, while three people were feared dead after a landslide in central Nagano prefecture.
Large parts of Japan, particularly the southernmost main island of Kyushu, have seen record levels of rainfall, causing rivers to overflow and triggering landslides.",
LS-2021-000114-JPN,2021-000114,22237,LS,land slide,JPN,,32.8334428466495,130.194091796875,0.0,0.0,0,2021,8,13,A,0,0,0,0,,0,"Heavy rain has been lashing much of Japan. It&#39;s triggered landslides and floods, leaving one person dead in the southwestern prefecture of Nagasaki.
A landslide swept away two houses on Friday morning in the city of Unzen. 
A woman died, and a man was seriously injured. Two other people are unaccounted for.
An active front is bringing intermittent downpours to wide areas in western Japan.",
LS-2021-000075-JPN,2021-000075,22197,LS,land slide,JPN,,35.11913,139.07737,0.0,0.0,0,2021,7,3,A,0,0,0,0,,0,"At least two people were killed and about 20 remained missing Sunday, 4 July 2021 after a violent mudslide hit a hot-spring resort city southwest of Tokyo on Saturday following a period of torrential rain that has underscored the trend of increasingly volatile weather due to climate change.",
EQ-2021-000015-JPN,2021-000015,22118,EQ,earthquake,JPN,,37.7,141.8,0.0,0.0,0,2021,2,13,A,0,0,0,0,,0,"A powerful magnitude 7.3 earthquake struck late Saturday off the coast of Tohoku, leaving at least 100 people injured across six prefectures just weeks before the 10th anniversary of the March 2011 quake, tsunami and nuclear disaster.",
CW-2021-000002-JPN,2021-000002,22105,CW,cold wave,JPN,,42.9162064381736,143.19091796875,0.0,0.0,0,2021,1,11,A,0,0,0,0,,0,"Ten people died in snow-related incidents on 9 and 10 January, the Fire and Disaster Management Agency said.The agency said the deaths occurred in Hokkaido, the Tohoku and Hokuriku areas, parts of which have experienced between 120 cms and one meter of snow since Saturday, 9 January.",
TC-2020-000197-JPN,2020-000197,22057,TC,tropical cyclone,JPN,,31.5972525617067,130.57861328125,0.0,0.0,0,2020,9,6,A,0,0,0,0,,0,"A powerful typhoon Haishen left two people dead, four missing and 108 injured 7 September 2020 in Japan as it battered almost the whole of the country’s southwestern main island of Kyushu with violent winds, causing massive blackouts and disrupting transportation and some mobile networks. ",
HT-2020-000183-JPN,2020-000183,22042,HT,heat wave,JPN,,35.7108378353001,139.7412109375,0.0,0.0,0,2020,8,12,A,0,0,0,0,,0,People in Tokyo are struggling with the scorching summer heat. Health officials say 79 people died of heatstroke in the capital this month. They say about 80 percent of the victims were aged 70 or older.,
FL-2020-000160-JPN,2020-000160,22019,FL,flood,JPN,,32.215124850215,130.743408203125,0.0,0.0,0,2020,7,4,A,0,0,0,0,,0,"The death toll from floods and landslides caused by heavy rain in Kumamoto Prefecture, southwestern Japan, has reached 16. Authorities say 17 other people have no vital signs and 13 are missing.",
EP-2020-000012-JPN,2020-000012,21744,EP,epidemic,JPN,,36.204824,138.252924,0.0,0.0,0,2020,3,1,A,18393,1734292,0,9402,,120,"Coronavirus disease (COVID-19) is an infectious disease caused by the SARS-CoV-2 virus. It originated in Wuhan, China, at the end of 2019, and spread rapidly over the world.  Coronaviruses are a large family of viruses with some causing less-severe disease, such as the common cold, and others more severe like COVID-19. Coronavirus has impacted also Japan, where authorities have reported as of December 31, 2021 more than 1734292 total cases, with over 18393 deaths. ","WHO, Woldometers, MoHealth"
TC-2019-000128-JPN,2019-000128,21612,TC,tropical cyclone,JPN,,36.6485889420317,138.197631835938,0.0,0.0,0,2019,10,12,A,0,0,0,0,,0,"Typhoon Hagibis, the most powerful tropical storm to hit Tokyo in decades, plowed a large portion of Japan's main island on Saturday evening and early Sunday, bring torrential rains and high-speed winds that paralyzed the capital and neighboring prefectures.

Millions of residents in a dozen prefectures were affected by the highest level of emergency evacuation notices on Saturday night and early Sunday.",
FL-2019-000097-JPN,2019-000097,21572,FL,flood,JPN,,33.1950293443582,130.02534866333,0.0,0.0,0,2019,8,28,A,0,0,0,0,,0,"Torrential rain hit southwestern Japan on 28 August 2019, prompting local and prefectural governments to instruct hundreds of thousands of people to evacuat.",
EQ-2019-000061-JPN,2019-000061,21536,EQ,earthquake,JPN,,38.6,139.5,0.0,0.0,0,2019,6,18,A,0,0,0,0,,0,A powerful magnitude-6.8 earthquake occurred at about 10:22 p.m. Tuesday with a focus off Yamagata Prefecture. A tsunami advisory has been issued.,
EQ-2018-000143-JPN,2018-000143,21155,EQ,earthquake,JPN,Hokkaido,42.621799938852,141.49929133878,0.0,0.0,0,2018,9,6,A,0,0,0,0,6.7,0,"A powerful earthquake has hit Japan's northern island of Hokkaido, causing a landslide that has engulfed houses.
Several people were reported injured and trapped in the rubble, while power in several areas was cut off, but there were no early reports of deaths. The quake, which struck just after 3am on Thursday, had a magnitude of 6.7, the Japan Meteorological Agency said.",INDEPENDENT:https://www.independent.co.uk/news/world/asia/japan-earthquake-magnitude-7-sapporo-latest-updates-a8524741.html
HT-2018-000115-JPN,2018-000115,21125,HT,heat wave,JPN,,35.7130679549139,139.735717773438,0.0,0.0,0,2018,7,9,A,0,0,0,0,,0,"apan recorded its highest temperature ever 23 July 2018 as the mercury hit 41.1 in Kumagaya, Saitama Prefecture, amid a deadly heat wave, the Meteorological Agency said.
Scorching weather killed 77 people and sent more than 30,000 people to hospitals across the nation from July 9 to 22 July 2018, according to the Fire and Disaster Management Agency and a Kyodo News tally.",
FL-2018-000082-JPN,2018-000082,21092,FL,flood,JPN,"Horoshima, Okayama, Yamaguchi, etc.",36.204824,138.252924,0.0,0.0,3,2018,7,7,A,46,0,0,0,,0,"Dozens of people have died and at least 50 are missing after torrential rain triggered landslides and flash flooding in western Japan on Saturday.Local authorities said 20 people had been killed, while public broadcaster NHK said the death toll had risen to 46.",THE GURDIAN (https://www.theguardian.com/world/2018/jul/07/heavy-rain-floods-and-landslide-leave-more-than-a-dozen-dead-and-50-missing-in-japan)
EQ-2018-000073-JPN,2018-000073,21083,EQ,earthquake,JPN,,34.8431127891755,135.618591308594,0.0,0.0,0,2018,6,18,A,0,0,0,0,,0,"A magnitude 6.1 earthquake shook Osaka, Japan's second-biggest metropolis, early on Monday, killing three people, halting factory lines in an industrial area and bursting water mains, government and company officials said.",
LS-2018-000039-JPN,2018-000039,21046,LS,land slide,JPN,,33.4062867384825,131.098538041115,0.0,0.0,0,2018,4,12,A,0,0,0,0,,0,"A landslide occurred in the city of Nakatsu, Oita Prefecture, on early Wednesday morning, 12 April 2018, killing one man and leaving five others missing",
CW-2018-000019-JPN,2018-000019,21021,CW,cold wave,JPN,,36.0668621325789,136.220092773438,0.0,0.0,0,2018,2,6,A,0,0,0,0,,0,"Heavy snow has hit from northern, central and western Japan since 4 February 2018. So far 18 persons were killed and more than 300 were injured. ",
TC-2017-000153-JPN,2017-000153,20969,TC,tropical cyclone,JPN,,34.4601449902318,135.371398925781,0.0,0.0,3,2017,10,22,A,0,0,0,0,,0,"A typhoon roared towards Japan&#39;s main island on election day on Sunday, killing at least two people, prompting a warning for tens of thousands to evacuate and the cancellation of hundreds of flights.",
TC-2017-000103-JPN,2017-000103,20900,TC,tropical cyclone,JPN,,30.5332851435609,130.959014892578,0.0,0.0,0,2017,8,6,A,0,0,0,0,,0,Typhoon Noru is bringing violent winds and heavy rain to Japan's southwestern prefecture of Kagoshima. Two people died and 9 have been injured.,
FL-2017-000082-JPN,2017-000082,20876,FL,flood,JPN,,33.3660905371217,130.759887695312,0.0,0.0,0,2017,7,5,A,0,0,0,0,,0,"Torrential rains battered southwestern Japan for a second day on Thursday, killing three people, with 100,000 ordered to evacuate their homes.  
Parts of Fukuoka prefecture, on the island of Kyushu, were hit by 556 mm (22 inches) of rain in the 40 hours to 4 p.m. (0700 GMT) on Thursday, about 1.6 times the amount that usually falls in the whole of July, the weather agency said.",
TC-2016-000096-JPN,2016-000096,20741,TC,tropical cyclone,JPN,,39.0831721934762,141.709136962891,0.0,0.0,0,2016,8,30,A,0,0,0,0,,0,"Powerful Typhoon Lionrock lashed the Tohoku region late Tuesday afternoon, 30 August 2016 forcing transport services and schools to close down and residents to evacuate. The typhoon prompted some municipalities in Aomori, Iwate and Miyagi prefectures to issue evacuation advisories to a total of around 177,000 people due to possible landslides and high waves. Power outages affected 15,000 households in the region, according to Tohoku Electric Power Co.",
TC-2016-000086-JPN,2016-000086,20731,TC,tropical cyclone,JPN,,35.7465122599185,139.71923828125,0.0,0.0,0,2016,8,22,A,0,0,0,0,,0,"Typhoon Mindulle bringing heavy rain and winds of up to 112 mph has hit Japan's capital, Tokyo. Reports from the city say at least one person has died and 29 have been injured in the storm.
",
FL-2016-000063-JPN,2016-000063,20701,FL,flood,JPN,,32.8426736319543,130.71044921875,0.0,0.0,0,2016,6,20,A,0,0,0,0,,0,"At least six people died and one was missing on 22 June 2016 as record-breaking rains battered parts of southwestern Japan still reeling from earthquakes two months ago, setting off flooding and landslides.",
EQ-2016-000033-JPN,2016-000033,20668,EQ,earthquake,JPN,,32.7,130.8,0.0,0.0,0,2016,4,14,A,0,0,0,0,,0,At least two people were killed and 45 injured by a magnitude-6.5 earthquake that knocked down houses and buckled roads in Kyushu on Thursday night.,
CW-2016-000006-JPN,2016-000006,20621,CW,cold wave,JPN,,35.6751474360847,139.7412109375,0.0,0.0,0,2016,1,18,A,0,0,0,0,,0,Heavy snow in eastern and northeastern Japan wreaked havoc with transportation systems and injured about 250 people 18 January 2016 as central Tokyo was blanketed with 6 cm.,
TC-2015-000133-JPN,2015-000133,20561,TC,tropical cyclone,JPN,Okinawa's Yonaguni Island,24.4616586,123.0085106,0.0,0.0,0,2015,9,29,A,0,0,0,0,,0,Record-breaking winds on Okinawa's Yonaguni Island have destroyed at least 10 houses and damaged more than 200 others. Gusts of nearly 292 kilometers per hour were registered on Yonaguni as Typhoon Dujuan approached on Monday. The winds were the strongest on the island since record-taking began nearly 60 years ago. ,NHK World News
TC-2015-000124-JPN,2015-000124,20538,TC,tropical cyclone,JPN,,34.8633978504195,137.037963867188,0.0,0.0,0,2015,9,9,A,0,0,0,0,,0,"Typhoon Etau made landfall on 9 September in Aichi Prefecture, central Japan bringing heavy rain and strong winds. Evacuation order was issued to 53,000 people. ",
TC-2015-000117-JPN,2015-000117,20522,TC,tropical cyclone,JPN,,24.3383382320977,123.817901611328,0.0,0.0,0,2015,8,23,A,0,0,0,0,,0,"Powerful Typhoon Goni slammed into the islands of Iriomote and Ishigaki in Okinawa Prefecture Sunday night. A total of about 21,500 houses on Ishigaki and some other places briefly lost power supply.",
TC-2015-000087-JPN,2015-000087,20467,TC,tropical cyclone,JPN,,33.578014746144,133.6328125,0.0,0.0,0,2015,7,16,A,0,0,0,0,,0,"The 11th typhoon Nangka is heading for Shikoku island in west Japan and is expected to make a landfall there late Thursday, with Japan's weather agency issuing heavy rain and gale warnings to the area. Over 4,000 residents in Kochi Prefecture on the island were advised to evacuate their home in case of landslides triggered by the powerful typhoon",
VO-2015-000061-JPN,2015-000061,20428,VO,volcano,JPN,,30.2964250168734,130.520248413086,0.0,0.0,0,2015,5,29,A,0,0,0,0,,0,"A volcano on the remote southern Japanese island of Kuchinoerabujima erupted suddenly on Friday blasting plumes of black smoke high into the sky, prompting authorities to order the island's evacuation and forcing airlines to divert flights.",
CW-2014-000166-JPN,2014-000166,20326,CW,cold wave,JPN,,36.7817921713193,136.996002197266,0.0,0.0,0,2014,12,5,A,0,0,0,0,,0,"A total of six people have been confirmed dead after snow blanketed wide areas of Japan over the weekend, disrupting traffic and leaving about 1,200 people cut off.",
EQ-2014-000156-JPN,2014-000156,20315,EQ,earthquake,JPN,,36.6651142775177,138.192138671875,0.0,0.0,0,2014,11,22,A,0,0,0,0,,0,"A major earthquake with a magnitude of 6.7 struck Nagano Prefecture and surrounding areas in central Honshu on Saturday night, injuring at least 39 people and causing damage.",
TC-2014-000142-JPN,2014-000142,20300,TC,tropical cyclone,JPN,,26.2934150042658,127.67822665625,0.0,0.0,0,2014,10,12,A,0,0,0,0,,0,"Typhoon Vongfong, the strongest storm to hit Japan this year, has made landfall on the country's main islands, after injuring at least 30 in Okinawa.",
TC-2014-000137-JPN,2014-000137,20294,TC,tropical cyclone,JPN,,35.1738083179996,137.412109375,0.0,0.0,0,2014,10,5,A,0,0,0,0,,0,"At least one person was dead and six were missing on 6 October as a strong typhoon whipped through the Tokyo metropolitan area after making landfall further south, bringing torrential rain and strong winds to the Kanto region.",
VO-2014-000135-JPN,2014-000135,20292,VO,volcano,JPN,,35.9001750655195,137.480773925781,0.0,0.0,0,2014,9,27,A,0,0,0,0,,0,"Mt. Ontake, a central Japan volcano popular with tourists particularly in the fall, erupted without warning just before noon 27 September 2014, burying at least four people in ash and leaving several others unconscious.",
LS-2014-000114-JPN,2014-000114,20262,LS,land slide,JPN,,34.4437780279465,132.447104454041,0.0,0.0,0,2014,8,20,A,0,0,0,0,,0,"At least 36 people, including several children, were killed in Japan on 20 August 2014, when landslides triggered by torrential rain slammed into the outskirts of the western city of Hiroshima, and the toll could rise further, police said.",
TC-2014-000106-JPN,2014-000106,20253,TC,tropical cyclone,JPN,,34.1663633847377,134.308471679688,0.0,0.0,0,2014,8,8,A,0,0,0,0,,0,"Typhoon Halong killed one person in Japan on Sunday and injured 33, media said, as authorities ordered 1.6 million people out of the path of the storm that battered the west of the country with heavy rain and wind.",Reuters
TC-2014-000087-JPN,2014-000087,20230,TC,tropical cyclone,JPN,,24.7917215457088,125.310668945312,0.0,0.0,0,2014,7,7,A,0,0,0,0,,0,"Hundreds of flights were cancelled in Japan and more than 500,000 people urged to evacuate as a powerful typhoon brought torrential rain and high winds to southwestern islands and was forecast to reach Tokyo later in the week. Typhoon Neoguri weakened from its original status as a super typhoon but remained intense, with gusts of more than 250 km per hour (155 mph). It was powering towards the Okinawa island chain where emergency rain and high-seas warnings were in effect.",
CW-2014-000016-JPN,2014-000016,20148,CW,cold wave,JPN,,36.0490989590656,137.060546875,0.0,0.0,0,2014,2,8,A,0,0,0,0,,0,"Heavy snow and severe weather struck Tokyo and other areas across Japan on Saturday, leaving five dead and more than 600 injured.",
TC-2013-000135-JPN,2013-000135,20096,TC,tropical cyclone,JPN,,35.742489674371,139.63720134375,0.0,0.0,0,2013,10,16,A,0,0,0,0,,0,"Four people were reported killed, schools closed, hundreds of flights cancelled and thousands were advised to evacuate as Typhoon Wipha pummelled Tokyo on Wednesday, although the Japanese capital escaped major damage.",
TC-2013-000117-JPN,2013-000117,20073,TC,tropical cyclone,JPN,,36.204824,138.252924,0.0,0.0,0,2013,9,16,A,0,0,0,0,,0,"A powerful typhoon (Man-yi) lashed Japan with torrential rain on 16 September 2013, leaving three dead and 5 missing.",
FL-2013-000086-JPN,2013-000086,20041,FL,flood,JPN,Shimane and Yamaguchi prefectures,35.0056960703019,132.3913200125,0.0,0.0,0,2013,7,28,A,0,0,0,0,,0,"Parts of western Japan were deluged by rain early Sunday, triggering mudslides and floods that left at least two people missing in Shimane and Yamaguchi prefectures.",
EQ-2013-000042-JPN,2013-000042,19986,EQ,earthquake,JPN,,34.8998882393973,133.08934978125,0.0,0.0,0,2013,4,13,A,0,0,0,0,,0,"A strong earthquake with a preliminary magnitude of 6.3 struck western Japan early Saturday, causing at least 23 injuries",
CW-2013-000005-JPN,2013-000005,19948,CW,cold wave,JPN,,36.9459308945751,140.274408375,0.0,0.0,0,2013,1,15,A,0,0,0,0,,0,"Heavy snowfall in eastern Japan has brought disruption to road, rail and air transport and caused injuries to nearly 900 people.",
TC-2012-000171-JPN,2012-000171,19898,TC,tropical cyclone,JPN,Okinawa island,26.501301,127.945404,0.0,0.0,0,2012,9,29,A,0,0,0,0,,0,"At least 50 people were injured and 271,400 households rendered without power after Typhoon Jelawat struck Okinawa island of Japan",
TC-2012-000163-JPN,2012-000163,19890,TC,tropical cyclone,JPN,Okinawa ,26.2124013,127.6809317,0.0,0.0,3,2012,9,16,A,0,0,0,0,,0,"Powerful typhoon Sanba left at least one man dead, four injured and another missing Sunday while cutting electricity to more than 110,000 households in Okinawa and Kyushu, Japan.",
FL-2012-000139-JPN,2012-000139,19863,FL,flood,JPN,Kansai ,40.5255926,141.4511664,0.0,0.0,0,2012,8,14,A,0,0,0,0,,0,At least one person was killed and two went missing as torrential rainfall struck several prefectures of the western Japanese region of Kansai which saw hourly rainfall of about 100 mm,
FL-2012-000114-JPN,2012-000114,19832,FL,flood,JPN,Fukuoka ,33.5903547,130.4017155,0.0,0.0,0,2012,7,4,A,0,0,0,0,,0,"Record rainfall continued to strike the southwest Japan on 4 July, causing mudslides and floods and prompting authorities to issue evacuation advisories for areas in Kyushu. 237 households in Fukuoka Prefecture had reported their houses were flooded.",
TO-2012-000078-JPN,2012-000078,19796,TO,tornadoes,JPN,,38.8187295561483,140.91161540625,0.0,0.0,0,2012,5,6,A,0,0,0,0,,0,A tornado has ripped through part of eastern Japan killing a teenage boy and injuring dozens of other people on 6 May 2012.,
VW-2012-000048-JPN,2012-000048,19766,VW,violent wind,JPN,,36.204824,138.252924,0.0,0.0,0,2012,4,3,A,0,0,0,0,,0,Due to strong gusts and rain that hit all over Japan  3 were killed and 304 were injured on 3 April 2012.,
CW-2012-000016-JPN,2012-000016,19724,CW,cold wave,JPN,,40.4097223788448,140.9335880625,0.0,0.0,0,2012,1,27,A,0,0,0,0,,0,"Heavy snow hit northern Japan, killing at least 46 people.",
TC-2011-000141-JPN,2011-000141,19567,TC,tropical cyclone,JPN,"Honshu island, Nagoya",35.1814464,136.906398,0.0,0.0,0,2011,9,21,D,4,0,0,1000000,,0,"Due to the large scale typhoon ROKE (No.15), evacuation warning to local residents is issued by Nagoya local government in Japan. More than 1 million persons are expected to evacuate to higher places.
Also, there are many sediment dam caused by the previous typhoon, flood and flash flood are also worried.","City of Nagoya, Japan"
TC-2011-000140-JPN,2011-000140,19566,TC,tropical cyclone,JPN,Nagoya ,35.1814464,136.906398,0.0,0.0,0,2011,9,20,A,7,25,0,0,,0,"More than a million people in the central Japan city of Nagoya were advised to evacuate on Tuesday as typhoon Roke approached the country, bringing heavy rain. ",AlertNet
TC-2011-000128-JPN,2011-000128,19553,TC,tropical cyclone,JPN,Honshu island,35.0702368818612,136.76953125,0.0,0.0,0,2011,9,3,A,95,100,0,500000,,0,"Typhoon Talas hits western Japan. 40 persons are dead and 55 missing, 100 persons are injured, more than 15000 houses are flooded after heavy rains and fierce winds.","Cabinet Office, Japan"
FL-2011-000097-JPN,2011-000097,19509,FL,flood,JPN,Niigata,37.9161924,139.0364126,0.0,0.0,0,2011,7,29,A,0,0,0,0,,0,"Heavy rain which started on 28 July caused floods and landslides in Niigata, Japan. More than 500 houses have been innundated so far.",
TC-2011-000089-JPN,2011-000089,19501,TC,tropical cyclone,JPN,Shikoku ,33.75,133.5,0.0,0.0,0,2011,7,19,A,0,0,0,0,,0,"A large and powerful typhoon lashed Shikoku Island and parts of the Kinki region in western Japan early Wednesday, leaving one people missing and 50 injured in 15 prefectures.",Xinhua
EQ-2011-000028-JPN,2011-000028,19439,EQ,earthquake,JPN,Honshu,36.0,138.0,0.0,0.0,3,2011,3,11,A,0,0,0,0,7.9,0,"A magnitude 7.9 earthquake occurred at 2:46 pm on March 11, 2011 near the east coast of Honshu, Japan. Tsunami warnings are issued along the Pacific coast line.",USGS
EQ-2010-000264-JPN,2010-000264,19617,EQ,earthquake,JPN,,36.204824,138.252924,0.0,0.0,0,2010,12,12,A,0,0,0,0,,0,"Huge earthquake occured and more than 10,000 people were recommended to evacuate.",
FL-2010-000212-JPN,2010-000212,19231,FL,flood,JPN,,36.204824,138.252924,0.0,0.0,0,2010,10,20,A,2,0,0,0,,0,In Japan floods triggered by record heavy rainfall have occurred since 20 October 2010,
VO-2010-000193-JPN,2010-000193,19211,VO,volcano,JPN,(test),36.204824,138.252924,0.0,0.0,0,2010,10,4,D,0,0,0,0,,0,,(test)
FL-2010-000135-JPN,2010-000135,19150,FL,flood,JPN,,36.204824,138.252924,0.0,0.0,0,2010,6,11,A,0,0,0,0,,0,In Japan floods and landslides triggered by record heavy seasonal rainfall have occurred nationwide since 11 June 2010,Fire and Disaster Management Agency
FL-2010-000134-JPN,2010-000134,19149,FL,flood,JPN,,36.204824,138.252924,0.0,0.0,0,2010,6,11,A,0,0,0,0,,0,In Japan floods and landslides triggered by record heavy seasonal rainfall have occurred nationwide since 11 June 2010,Fire and Disaster Management Agency
TC-2009-000221-JPN,2009-000221,18926,TC,tropical cyclone,JPN,"Chugoku, Shikoku, Kyushu, Tohoku, Kanto, Tokai, Chubu, Kinki,",34.8264154,133.0704439,0.0,0.0,0,2009,10,8,A,4,119,0,0,,0,"On 8 October 2009, a strong typhoon 0918(Melor) has struck Japan, leaving a trail of damage across the centre of the country.
As of 9 October, 4 people are reported killed and missing, 119 people injured, 3 houses totally destroyed, 19 houses half destroyed, 754 houses partially destroyed, 261 houses inundated above floor level and 1,140 houses inundatad below floor level.","Fire and Disaster Management Agency, Ministry of Internal Affairs and Communications"
EQ-2009-000157-JPN,2009-000157,18857,EQ,earthquake,JPN,Suruga ,35.0930416,137.1881252,0.0,0.0,0,2009,8,11,A,1,123,0,0,6.5 (JMA Magnitute),0,"The magnitude 6.5 earthquake occured in Suruga Bay on 11 August. The hypocentral depth is 23km. JMA seismic intensity 6- was observed in Shizuoka prefecture.
Due to the strong ground shaking, one person is reported killed, 123 people injured and 5,192 houses partially destroyed. Tomei highway was damaged and is still under repair as of 13 August.","Fire and Disaster Management Agency, Ministry of Internal Affairs and Communications"
TC-2009-000156-JPN,2009-000156,18856,TC,tropical cyclone,JPN,"Kinki, Chugoku, Shikoku, Kyushu",34.6969407,135.5916827,0.0,0.0,0,2009,8,10,A,27,18,0,0,,0,"Heavy rainfall on 9-11 August due to the typhoon 0909(Etau) has caused mud slide and flood in Kinki, Chugoku, Shikoku, Kyusyu districts. As of 13 August, 27 people are reported killed and missing, 18 people injured, 10 houses totally destroyed, 7 houses half destroyed, 32 houses partially destroyed, 1,300 houses flooded above floor level and 3,353 houses flooded below floor level.","Fire and Disaster Management Agency, Ministry of Internal Affairs and Communications"
MS-2009-000146-JPN,2009-000146,18845,MS,mud slide,JPN,"Chugoku, Kyushu",34.8264154,133.0704439,0.0,0.0,0,2009,7,30,A,30,43,0,0,,0,"Heavy rainfall on 19-29 July has caused mud slide in Chugoku and northern part of Kyushu districts. As of 11 August, 30 people are reported killed, 43 people injured, 48 houses totally destroyed, 65 houses half destroyed and 180 houses partially destroyed.","Fire and Disaster Management Agency, Ministry of Internal Affairs and Communications"
FL-2008-000120-JPN,2008-000120,18523,FL,flood,JPN,western Japan,35.1877165363885,133.96825603125,0.0,0.0,0,2008,7,28,A,0,0,0,50,,0,"More than 50,000 people had to leave their homes in central and western Japan Monday due to heavy rain and flooding, media reports said.",DPA
EQ-2008-000115-JPN,2008-000115,18517,EQ,earthquake,JPN,"Tohoku, Northern part of Japan",40.7278764,141.2578824,0.0,0.0,0,2008,7,24,A,0,0,0,0,,0,The 6.8 magnitude earthquake that jolted northern Japan early on 24th July injured at least 99 people.,"USGS, GDACS"
EQ-2008-000087-JPN,2008-000087,18489,EQ,earthquake,JPN,"Iwate, Miyagi , Fukushima Prefectuers",39.7036194,141.1526839,0.0,0.0,0,2008,6,14,A,0,0,0,0,,0,"A powerful earthquake with a magnitude of 7.2 hit Japan's northern prefectures on Saturday morning. The National Police Agency says three people reportedly died, 10 are missing, and more than 100 others are injured.
",NHK 
TC-2007-000163-JPN,2007-000163,17963,TC,tropical cyclone,JPN,"Okinawa, Japan",26.2124013,127.6809317,0.0,0.0,0,2007,9,14,A,16,0,0,0,,0,"Tropical cyclone NARI category 4 passed over Okinawa, Japan and made landfall in the Republic of Korea as category 1.",GDACS
TC-2007-000152-JPN,2007-000152,17878,TC,tropical cyclone,JPN,Kanto ,38.3231191,141.4693606,0.0,0.0,0,2007,9,7,A,0,0,0,0,,0,"The category 1 typhoon Fitow (TY0709) landed Japan on 7 September and killed 2, injured approximately 50 and left more than 1,500 people in Kanto region. It has been also observed that there are nearly 300 flooded houses and more than 70 houses damaged.",FDMA  http://www.fdma.go.jp/data/010708071048106059.pdf
TC-2007-000120-JPN,2007-000120,17690,TC,tropical cyclone,JPN,"Kyushu,",33.0,131.0,0.0,0.0,0,2007,8,2,A,0,0,0,0,,0,"The typhoon Usagi, known as the ""typoon 5th: TS0705"" in Japan, landed on Kyushu area on 2 August and affected more than 7,000 people including voluntary evacuees. The worst hit area has been Kyushu, Chugoku, and Shikoku regions. The event left 7 injured, but no death toll so far.","Japan Meteorological Agency
http://www.jma.go.jp/en/typh/
FDMA(Fire and Disaster Management Agency)
http://www.fdma.go.jp/data/010707021852035468.pdf"
TC-2007-000103-JPN,2007-000103,17632,TC,tropical cyclone,JPN,"Okinawa, Kyushu, Shikoku, and Honshu",26.2124013,127.6809317,0.0,0.0,0,2007,7,12,A,0,0,0,0,,0,"The typhoon Man-yi killed three people, injured 73, and left one missing and thousands affected by blackout and water outage. It approached Okinawa on 12 July and moved across Kyushu, Shikoku, and Honshu thoughout 4 days until 15 July. Damages were observed dozens of prefectures.","Fire and Disaster Management Agency
http://www.fdma.go.jp/data/010706151753041709.pdf
Reuters AlertNet
""Tyohoon Man-yi hits central Japan, three dead"" 15 July http://www.alertnet.org/thenews/newsdesk/T130566.htm
 "
EQ-2007-000102-JPN,2007-000102,17631,EQ,earthquake,JPN,"Niigata prefecture, Nagano prefecture",37.9025518,139.0230946,0.0,0.0,0,2007,7,16,A,0,0,0,0,6.8,0,"A powerful earthquake hit Niigata and Nagno Prefecure in Central Japan at 10:13AM, July 16,2007. There are reports of leaving 9 people dead, at least 900 injuries and houses fallen, some of them on fire. The Meteorological Agency says the focus of the quake, with an estimated magnitude of 6.8, was about 17 kilometers under the sea floor off Niigata.
The Agency immediately issued a tsunami tidal wave warning for parts of Niigata and Sado Island off the prefecture, but lifted it about one hour later. ",NHK on line
FL-2007-000094-JPN,2007-000094,17623,FL,flood,JPN,"Misato city, Kumamoto prefecture",32.6395887,130.7890259,0.0,0.0,0,2007,7,6,A,0,0,0,0,,0,"Torrential rain since 6 July has been affecting people at Misato city, Kumamoto prefecture, Japan. Water supply for approximately 1200 families has been cut since the 7th, and the Self Defense Force is implementing relief activities for the affected. More than 100 people has been evacuating as dozens of houses in the city were destroyed or exposed to water by the flooded water.","NHK http://www.nhk.or.jp/kumamoto/lnews/02.html
    http://www.nhk.or.jp/kumamoto/lnews/04.html"
EQ-2007-000039-JPN,2007-000039,17546,EQ,earthquake,JPN,"Noto, Ishikawa prefecture",37.3182748912073,137.13465811875,0.0,0.0,0,2007,3,25,A,1,110,0,0,M7.1,0,"At least One people is killed, 110 injured by huge earthqueke (M7.1, 37.3N, 136.5E, D50km) at 9:42 a.m.(JST) March 25 2007 in Noto, Ishikawa pref. Some buildings are collapsed, roads are damaged. Liquefaction and tsunami is observed.","NHK news
"
TO-2006-000160-JPN,2006-000160,17460,TO,tornadoes,JPN,,40.2925062812409,140.801752125,0.0,0.0,0,2006,11,7,A,9,0,0,0,,0,"A tornado ripped through a northern Japanese town on 07 of November, killing at least nine people and injuring 25 more, officials said. ",BBC News
TC-2006-000142-JPN,2006-000142,17440,TC,tropical cyclone,JPN,,36.204824,138.252924,0.0,0.0,0,2006,9,17,A,9,429,0,8000,,0,"The strong typhoon, Shanshan, to strike southwestern Japan has killed at least nine people caused tornade and flash floods. ","BBC News, FDMA Disaster Information"
FL-2006-000102-JPN,2006-000102,17398,FL,flood,JPN,,36.204824,138.252924,0.0,0.0,0,2006,7,19,A,0,0,0,0,,0,"Heavy rainfall from the active seasonal rain front brought serious damage through Japan. As of 1:00pm on July 20th, 12 dead and 8 missing are reported.","Asahi.com, BBC News"
MS-2006-000102-JPN,2006-000102,17397,MS,mud slide,JPN,,36.204824,138.252924,0.0,0.0,0,2006,7,19,A,0,0,0,0,,0,"Heavy rainfall from the active seasonal rain front brought serious damage through Japan. As of 1:00pm on July 20th, 12 dead and 8 missing are reported.","Asahi.com, BBC News"
AV-2006-000075-JPN,2006-000075,17367,AV,snow avalanche,JPN,,36.204824,138.252924,0.0,0.0,0,2006,5,1,A,0,0,0,0,,0,"Rescuers found one buried hiker but searched for three other people covered in snow Monday when an avalanche struck a mountain in central Japan, police said.
","Asahi.com
CNN News"
CW-2005-000211-JPN,2005-000211,17273,CW,cold wave,JPN,,36.204824,138.252924,0.0,0.0,0,2005,12,19,A,0,0,0,0,,0,"Heavy snow fell in regions along the Sea of Japan coast and some other parts of the country Sunday as the coldest air mass this season blanketed the archipelago, the Meteorological Agency said.",The Japan Times
TC-2005-000154-JPN,2005-000154,17203,TC,tropical cyclone,JPN,Nationwide,36.204824,138.252924,0.0,0.0,0,2005,9,5,A,0,0,0,0,,0,"The typhoon Nabi (0514) landed Japan and caused many humanes loss as well as economic losses. The combination of the disasters like landslides and floods, which triggered by torrential rain by the typhoon, killed 27, injured 179 and damaged more than 8,000 houses (incl. 1178 completely destroyed). Evacuation warning and watch were issued for more than 426,000 population.","FDMA http://www.fdma.go.jp/data/010509311403303047.pdf
Cabinet Office (Disaster Reduction White Paper 2006)
http://www.bousai.go.jp/hakusho/h18/BOUSAI_2006/html/honmon/index.htm 
JMA http://www.jma.go.jp/jma/jma-eng/jma-center/rsmc-hp-pub-eg/bstve_2005_m.html
"
TC-2005-000140-JPN,2005-000140,17840,TC,tropical cyclone,JPN,"Kanto , Tokai area",38.3231191,141.4693606,0.0,0.0,0,2005,8,26,A,0,0,0,0,,0,"The typhoon Mawar, known as the 11th typhoon/0511 in Japan, approached Kansai-Tokai area on 26 August. Despite of the no death toll, 10 people were injured and more than a hundred of houses were partially or completely destroyed.   More than 80,000 families were affected by blackouts and 358 families were also left with cut water supply. ","Cabinet Office Bosai Hakusho( Disaster Reduction White Paper) 2006                 http://www.bousai.go.jp/hakusho/h18/BOUSAI_2006/html/honmon/index.htm
JMA
http://www.jma.go.jp/jma/jma-eng/jma-center/rsmc-hp-pub-eg/trackarchives.html
"
EQ-2005-000134-JPN,2005-000134,17177,EQ,earthquake,JPN,Miyagi Preferecure,38.2688373,140.8721,0.0,0.0,0,2005,8,16,A,0,0,0,0,,0,"A major earthquake occurred at 02:46:30 (UTC) on Tuesday, August 16, 2005. The magnitude 7.2 event has been located in NEAR THE EAST COAST OF HONSHU, JAPAN. The hypocentral depth was estimated to be 53 km.","U.S. Geological Survey, National Earthquake Information Center"
EQ-2005-000122-JPN,2005-000122,17164,EQ,earthquake,JPN,Tokyo,35.6894875,139.6917064,0.0,0.0,0,2005,7,23,A,0,27,0,0,6.0,0,"A magnitude-6.0 earthquake shook the Tokyo area 23 July 2005, injuring at least 27 people, rattling buildings across the sprawling capital and temporarily suspending flights and train services.",JMA
FL-2005-000101-JPN,2005-000101,17134,FL,flood,JPN,Niigata,37.9161924,139.0364126,0.0,0.0,0,2005,6,28,A,1,6,800,5000,,0,"1 person is missing by heavy rain in Niigata prefecture of Japan. 800 houses were flooded, about 5,000 families evacuated.","FDMA, Fire and Disaster Management Agency of Japan"
EQ-2005-000047-JPN,2005-000047,17076,EQ,earthquake,JPN,"Kyushu island, southern Japan",33.0,131.0,0.0,0.0,0,2005,3,20,A,1,400,0,0,7.0,0,"A powerful magnitude 7.0 earthquake hit Japan's southernmost main island of Kyushu on Sunday, killing an elderly woman, injuring 400, and forcing hundreds to flee their homes, officials and media reports said.",JMA
EQ-2004-000136-JPN,2004-000136,17002,EQ,earthquake,JPN,HOKKAIDO,43.0646147,141.3468074,0.0,0.0,0,2004,11,29,A,0,12,0,202,7.1,0,"has occurred   Sun Nov 28 18:32:14 2004 UTC
A powerful earthquake with a preliminary magnitude of 7.1 struck Japan's northern island of Hokkaido at: 43.00N 145.09E  Depth  44km early Monday, swaying buildings, throwing objects off shelves and triggering a small tsunami wave that reached the shore. ",FDMA (Fire and Disaster Management Agency of Japan)
EQ-2004-000114-JPN,2004-000114,16980,EQ,earthquake,JPN,"Chuetsu district, Ojiya City, Niigata Prefecture - ",37.8709411101673,138.9999943125,0.0,0.0,0,2004,10,23,A,25,1258,0,97000,6.8,0,"Several powerful earthquakes shook northwestern Japan over a span of two hours Saturday, toppling and setting alight homes, causing blackouts, cutting water and gas services and derailing a bullet train.At least 25 people had died, more than 1200 injured, 97000 evacuated and more than 3100 houses collapsed.
 
",FDMA (Fire and Disaster Management Agency of Japan)
TC-2004-000109-JPN,2004-000109,16979,TC,tropical cyclone,JPN,,36.204824,138.252924,0.0,0.0,0,2004,10,20,A,54,326,71,480000,,0,"According to Thphoon TOKAGE (T0423), More than 480,000 people evacuated. 69 killed, 15 missing, 363 injured, 44380 houses flooded, 2818 houses collapsed.",FDMA (Fire and Disaster Management Agency of Japan)
TC-2004-000105-JPN,2004-000105,16972,TC,tropical cyclone,JPN,Middle of Japan,37.5974895,140.356391,0.0,0.0,0,2004,10,9,A,6,167,0,22000,,0,"According to Thphoon MA-ON (T0422), More than 22,000 people evacuated. 6 killed, 2 missing, 167 injured, 4,839 houses were flooded.",FDMA (Fire and Disaster Management Agency of Japan)
TC-2004-000103-JPN,2004-000103,16966,TC,tropical cyclone,JPN,South and West part of Japan,36.204824,138.252924,0.0,0.0,0,2004,9,30,A,19,84,0,180000,,0,"Tyhooon MEARI(T0421) hits south and west parts of Japan. Regarding to heavy rain, Floods and Landslids are occured. 19 killed, 6 missing, 84 injured, More than 10,000 flooded. More than 180,000 evacuated. ","Cabinet Office, Government of Japan,
Fire and Disaster Management Agency (FDMA)"
EQ-2004-000093-JPN,2004-000093,16942,EQ,earthquake,JPN,Near South Coast of Western Honshu,33.5189469232358,132.8476505625,0.0,0.0,0,2004,9,5,A,0,36,0,96,7.4,0,"An earthquake measuring about 7.3 on the Richter scale shook western Japan on September 5, 2004, the second strong quake to hit the area in five hours, and evacuations were ordered as tsunamis approached the coast.",Japan Meteorological Agency
TC-2004-000092-JPN,2004-000092,16941,TC,tropical cyclone,JPN,,36.204824,138.252924,0.0,0.0,0,2004,9,7,D,6,589,0,130,,0,"POWERFUL Typhoon Songda (T0418) battered Japan on September 8, 2004, killing at least 6 people, injuring almost 600.",Fire and Disaster Management Agency of Japan
TC-2004-000085-JPN,2004-000085,16940,TC,tropical cyclone,JPN,West part of Japan,34.8638384529782,133.00145915625,0.0,0.0,0,2004,9,8,A,10,240,0,80000,,0,"More than 10 people dead, 21 missing, 240 injured, 80 thousands evacuated, 3 million houses blackout in Japan",Cabinet Office of Japan
TC-2004-000080-JPN,2004-000080,17834,TC,tropical cyclone,JPN,"Amami-Oshima Isl., Okinawa region",26.2124013,127.6809317,0.0,0.0,0,2004,8,23,A,0,0,0,0,,0,"The typhoon Aere (Marce/20W) killed 2, injured 2 and caused US$500,000 damage in Japan.",EM-DAT Disaster No. 2004-0435
TC-2004-000079-JPN,2004-000079,16934,TC,tropical cyclone,JPN,,36.204824,138.252924,0.0,0.0,0,2004,8,31,A,6,134,0,95,,0,"On August 30, 2004, a powerful typhoon Chaba hit Japan, leaving at least six people dead, 22 seriously injured, and 112 lightly injured. ",Fire and Disaster Management Agency of Japan
TC-2004-000078-JPN,2004-000078,16920,TC,tropical cyclone,JPN,Shikoku,33.75,133.5,0.0,0.0,0,2004,8,18,A,4,1,0,1000,,0,"Heavy rain caused by typhoon MEGI (T0415) hits Shikoku island 4 people dead, 2 people missing, more than 1000 people evacuated. ",FDMA (Fire and Disaster Management Agency of Japan)
TC-2004-000061-JPN,2004-000061,16899,TC,tropical cyclone,JPN,Shikoku,33.75,133.5,0.0,0.0,0,2004,8,1,A,0,15,0,655,,0,"Powerful typhoon Namtheun has hit land in Japan, lashing a wide area with strong winds and heavy rains after leaving two people missing and 15 injured at the weekend. ",FDMA(Fire and Disaster Management Agency of Japan)
FL-2004-000057-JPN,2004-000057,16893,FL,flood,JPN,Fukui Prefecture,36.0651779,136.2215269,0.0,0.0,0,2004,7,18,A,3,0,0,2789,,0,"Heavy rains hit Fukui Prefecture on Sunday, washing away a railway bridge, leaving three people dead, and four missing from mudslides and flood. ",Japan Times and Japan Fire & Disaster Management Agency (FDMA)
FL-2004-000053-JPN,2004-000053,16889,FL,flood,JPN,Niigata and Fukushima prefectures ,37.9161924,139.0364126,0.0,0.0,0,2004,7,13,D,2,1,18000,23200,,0,"Heavy rain pounded Niigata and Fukushima prefectures Tuesday, leaving two people dead, one injured and two others missing, according to local officials.","Japan Times
Japan Fire Management Agency"
FL-2004-000052-JPN,2004-000052,16888,FL,flood,JPN,Niigata and Fukushima prefectures ,37.9161924,139.0364126,0.0,0.0,0,2004,7,13,A,15,3,25480,23200,,0,"Heavy rain pounded Niigata and Fukushima prefectures Tuesday, leaving 15 people dead, three injured and one others missing, according to local officials.","Japan Times and 
Japan Fire & Disaster Management Agency (FDMA)"
TC-2004-000039-JPN,2004-000039,16875,TC,tropical cyclone,JPN,Southern Japan,32.6906949606714,131.1777286875,0.0,0.0,0,2004,6,21,A,3,0,0,0,,0,Powerful winds and towering waves pummeled southern Japan on Sunday as typhoon Dianmu headed north toward the country more densely populated main islands. Officials said three people had died from accidents in stormy seas.,AP
EQ-2003-000476-JPN,2003-000476,18218,EQ,earthquake,JPN,Hokkaido,43.0646147,141.3468074,0.0,0.0,0,2003,9,26,A,2,773,0,0,,0,"An earthquake with a magnitude of 8.0 hit the northern Japanese island of Hokkaido early Friday, September 26, 2003.",CRED EM-DAT
EQ-2003-000354-JPN,2003-000354,18236,EQ,earthquake,JPN,Northern Miyagi,38.2688373,140.8721,0.0,0.0,0,2003,7,26,A,0,569,219,17403,,0,"""At 7.13 a.m. (2313-1 GMT) on Saturday, July 26, 2003, a strong earthquake, estimated magnitude 6.2, hit northern Japan near the city of Sendai.
The earthquake has injured 100, power supply is cut off in 100 thousand houses.""",CRED EM-DAT
TC-2003-000107-JPN,2003-000107,17861,TC,tropical cyclone,JPN,"Hokkaido, Ehime prefectures (Honshu Isl.)",43.0646147,141.3468074,0.0,0.0,0,2003,8,3,A,0,0,0,0,,0,"The typhoon Etau (T0310) killed 20, injured 80, affected 2,100 and caused US$55,000,000 damage in Japan. ",EM-DAT Disaster No. 2003-0388
TC-2003-000104-JPN,2003-000104,17858,TC,tropical cyclone,JPN,"Hokkaido, Ehime prefectures (Honshu Isl.)",43.0646147,141.3468074,0.0,0.0,0,2003,9,12,A,0,0,0,0,,0,"The typhoon Maemi (T0314) killed one, injured 93, affected 130 and caused US$4,500,000 damage in Japan.",EM-DAT Disaster No. 2003-0459
EQ-2003-000075-JPN,2003-000075,17796,EQ,earthquake,JPN,Near Miyagi prefecture,38.2688373,140.8721,0.0,0.0,0,2003,5,26,A,0,0,0,0,,0,,"EM-DAT Disaster No. 20030249
"
TC-2002-000873-JPN,2002-000873,17880,TC,tropical cyclone,JPN,Hokkaido,43.0646147,141.3468074,0.0,0.0,0,2002,7,5,A,0,0,0,0,,0,"The typhoon Chata'an (T0206) killed 5, injured 18, affected 100,000 and caused US$5,000,000 damage in Japan.",EM-DAT Disaster No. 2002-0431
TC-2002-000872-JPN,2002-000872,17879,TC,tropical cyclone,JPN,"Okinawa, Kagoshima, Ishikawa region",36.5946816,136.6255726,0.0,0.0,0,2002,7,15,A,0,0,0,0,,0,The typhoon Halong (T0207) injured 9 and affected 570 people in Japan.,EM-DAT Disaster No. 2002-0430
ST-2002-000825-JPN,2002-000825,10392,ST,severe local storm,JPN,Tokyo area,35.6894875,139.6917064,0.0,0.0,0,2002,12,9,A,0,228,0,0, kph,0, (Winter),
ST-2002-000431-JPN,2002-000431,10414,ST,severe local storm,JPN,Hokkaido,43.0646147,141.3468074,0.0,0.0,0,2002,7,5,A,5,18,0,100000, kph,0, {Chata'an} (Typhoon),
ST-2002-000430-JPN,2002-000430,10415,ST,severe local storm,JPN,"Okinawa, Kagoshima, Ishikawa region",36.5946816,136.6255726,0.0,0.0,0,2002,7,15,A,0,9,0,570, kph,0, {Halong} (Typhoon),
WF-2002-000181-JPN,2002-000181,10416,WF,wild fire,JPN,Matsumoto region + Tokyo,35.7136925,139.8765032,0.0,0.0,0,2002,3,22,A,0,0,0,222, km?,0, (Forest),
TC-2001-000787-JPN,2001-000787,17882,TC,tropical cyclone,JPN,"Shiga, Aichi, Osaka, Ehime, Mie",34.7302829,136.5085883,0.0,0.0,0,2001,8,21,A,0,0,0,0,,0,"The typhoon Pabuk (T0111) killed 9, injured 40, affected 7,000 and caused US$800,000,000 damage in Japan.",EM-DAT Disaster No. 2001-0454
TC-2001-000786-JPN,2001-000786,17881,TC,tropical cyclone,JPN,Tokyo region,35.6894875,139.6917064,0.0,0.0,0,2001,9,10,A,0,0,0,0,,0,"The typhoon Danas (T0115) killed 7, injured 15, affected 1,200 and caused US$500,000,000 damage in Japan.",EM-DAT Disaster No. 2001-0511
ST-2001-000511-JPN,2001-000511,10407,ST,severe local storm,JPN,Tokyo region,35.6894875,139.6917064,0.0,0.0,0,2001,9,10,A,7,15,0,1200, kph,0, {Danas} (Typhoon),
AC-2001-000495-JPN,2001-000495,10408,AC,tech. disaster,JPN,Kabukicho (Tokyo),35.6947594,139.701644,0.0,0.0,0,2001,9,1,A,44,3,0,0, ,0, {Salle de jeux} (Misc:Explosion),
ST-2001-000476-JPN,2001-000476,10409,ST,severe local storm,JPN,Southwestern,32.9860783985484,131.2656193125,0.0,0.0,0,2001,6,20,A,1,13,12,1308, kph,0, (Storm),
ST-2001-000454-JPN,2001-000454,10410,ST,severe local storm,JPN,"Shiga, Aichi, Osaka, Ehime, Mie",34.7302829,136.5085883,0.0,0.0,0,2001,8,22,A,9,40,0,7000, kph,0, {Pabuk} (Typhoon),
AC-2001-000380-JPN,2001-000380,10399,AC,tech. disaster,JPN,Akashi,34.6431066,134.9971787,0.0,0.0,0,2001,7,21,A,10,90,0,0, ,0, (Misc:Other),
FL-2001-000350-JPN,2001-000350,10398,FL,flood,JPN,"Matsuyama, Iizuka",33.8391574,132.7655752,0.0,0.0,0,2001,6,0,A,1,0,0,138, km?,0, (Flood),
AC-2001-000182-JPN,2001-000182,10411,AC,tech. disaster,JPN,Yotsukaido (Chiba state),35.6698162,140.1679247,0.0,0.0,0,2001,5,5,A,11,0,0,0, ,0," {Society ""Kikuchi Gumi""} (Misc:Fire)",
AC-2001-000137-JPN,2001-000137,10412,AC,tech. disaster,JPN,,36.204824,138.252924,0.0,0.0,0,2001,4,11,A,28,0,0,0, ,0," {Cargo ""Hanghae Sanyo""} (Water)",
EQ-2001-000123-JPN,2001-000123,10396,EQ,earthquake,JPN,Hiroshima,34.3852029,132.4552927,0.0,0.0,0,2001,3,24,A,2,161,0,11100, Richter,0, (Earthquake),
ST-2001-000085-JPN,2001-000085,10397,ST,severe local storm,JPN,"Chiba, Ibaraki, Kanagawa prefectures (Tokyo and surrounding)",35.6072668,140.1062907,0.0,0.0,0,2001,1,20,A,5,300,0,0, kph,0, (Winter),
TC-2000-000915-JPN,2000-000915,19633,TC,tropical cyclone,JPN,Tokyo,35.6894875,139.6917064,0.0,0.0,0,2000,9,15,A,1,10,0,0,,0,,
EC-2000-000912-JPN,2000-000912,19628,EC,extratropical cyclone,JPN,Tokyo,35.6894875,139.6917064,0.0,0.0,0,2000,9,15,A,1,10,0,0,,0,at 8am cyclone hit Tokyo city,
EC-2000-000911-JPN,2000-000911,19627,EC,extratropical cyclone,JPN,Tokyo,35.6894875,139.6917064,0.0,0.0,0,2000,9,15,A,1,10,0,0,,0,cyclone hit tokyo,
TC-2000-000910-JPN,2000-000910,19626,TC,tropical cyclone,JPN,Tokyo,35.6894875,139.6917064,0.0,0.0,0,2000,9,15,A,1,10,0,0,,0,,
TC-2000-000909-JPN,2000-000909,19625,TC,tropical cyclone,JPN,,36.204824,138.252924,0.0,0.0,0,2000,9,15,A,1,10,0,0,,0,Test entry for Glide16,
TC-2000-000908-JPN,2000-000908,19624,TC,tropical cyclone,JPN,Tokyo,35.6894875,139.6917064,0.0,0.0,0,2000,9,15,A,7,25,0,0,,0,,
TC-2000-000907-JPN,2000-000907,19623,TC,tropical cyclone,JPN,Tokyo,35.6894875,139.6917064,0.0,0.0,0,2000,9,15,A,1,10,0,0,,0,,
EC-2000-000906-JPN,2000-000906,19622,EC,extratropical cyclone,JPN,tokyo,35.6894875,139.6917064,0.0,0.0,0,2000,9,15,A,1,10,0,0,,0,,
TC-2000-000905-JPN,2000-000905,19621,TC,tropical cyclone,JPN,Tokyo,35.6894875,139.6917064,0.0,0.0,0,2000,9,15,A,1,10,0,0,,0,,
TC-2000-000904-JPN,2000-000904,19620,TC,tropical cyclone,JPN,Tokyo,35.6894875,139.6917064,0.0,0.0,0,2000,9,15,A,1,10,0,0,,0,,
TC-2000-000903-JPN,2000-000903,19619,TC,tropical cyclone,JPN,Tokyo,35.6894875,139.6917064,0.0,0.0,0,2000,9,15,A,1,10,0,0,,0,,
TC-2000-000892-JPN,2000-000892,17887,TC,tropical cyclone,JPN,Tokyo,35.6894875,139.6917064,0.0,0.0,0,2000,7,8,A,0,0,0,0,,0,"The typhoon Kirogi (T0003) killed 4, affected 900 and caused US$300,000,000 damage in Japan.",EM-DAT Disaster No. 2000-0447
TC-2000-000890-JPN,2000-000890,17883,TC,tropical cyclone,JPN,"Aichi, Mie, Gifu regions",35.1801883,136.9065647,0.0,0.0,0,2000,9,11,A,0,0,0,0,,0,"The typhoon Saomai killed 9, injured 41, affected 180,000 and caused US$1,400,000 damage in Japan.",EM-DAT Disaster No. 2000-0576
EQ-2000-000656-JPN,2000-000656,10394,EQ,earthquake,JPN,Tottori region,35.5038906,134.2377356,0.0,0.0,0,2000,10,6,A,0,130,312,6690, Richter,0, (Earthquake),
FL-2000-000606-JPN,2000-000606,10395,FL,flood,JPN,Nagoya,35.1814464,136.906398,0.0,0.0,0,2000,9,0,A,9,32,0,360000, km?,0, (Flood),
AC-2000-000578-JPN,2000-000578,10400,AC,tech. disaster,JPN,Pacific Ocean (Hokkaido Isl.),43.0646147,141.3468074,0.0,0.0,0,2000,9,11,A,14,0,0,0, ,0, (Water),
ST-2000-000576-JPN,2000-000576,10406,ST,severe local storm,JPN,"Aichi, Mie, Gifu regions",35.1801883,136.9065647,0.0,0.0,0,2000,9,12,A,9,41,0,180000, kph,0, {Saomai} (Typhoon),
AC-2000-000516-JPN,2000-000516,10405,AC,tech. disaster,JPN,Taketovo (Aichi prefecture),34.8511342,136.9148034,0.0,0.0,0,2000,8,2,A,0,56,0,350, ,0, {Gundpowder factory} (Ind:Explosion),
VO-2000-000515-JPN,2000-000515,10404,VO,volcano,JPN,Miyakejima Isl.,34.0833333,139.5333333,0.0,0.0,0,2000,8,10,A,0,0,0,4000, ,0, {Mount Oyama} (Volcano),
ST-2000-000447-JPN,2000-000447,10403,ST,severe local storm,JPN,Tokyo,35.6894875,139.6917064,0.0,0.0,0,2000,7,7,A,2,0,0,900, kph,0, {Kirogi} (Typhoon),
AC-2000-000429-JPN,2000-000429,10402,AC,tech. disaster,JPN,Osaka area,34.6937378,135.5021651,0.0,0.0,0,2000,7,1,A,0,0,0,13809, ,0, {Milk} (Ind:Poisoning),
EQ-2000-000428-JPN,2000-000428,10401,EQ,earthquake,JPN,"Kozushima, Niijima islands",34.3666667,139.2666667,0.0,0.0,0,2000,7,1,A,1,0,0,100, Richter,0, (Earthquake),
ST-2000-000274-JPN,2000-000274,10413,ST,severe local storm,JPN,"Chiba, Ibaraki prefectures",35.6072668,140.1062907,0.0,0.0,0,2000,5,24,A,0,100,0,12000, kph,0, (Storm),
VO-2000-000176-JPN,2000-000176,10393,VO,volcano,JPN,Near Sapporo (Hokkaido),43.0620958,141.3543763,0.0,0.0,0,2000,3,31,A,0,0,0,12400, ,0, {Mount Isu} (Volcano),
TC-1999-000002-JPN,1999-000002,17888,TC,tropical cyclone,JPN,"Kyushu, Honshu",33.0,131.0,0.0,0.0,0,1999,9,22,A,0,0,0,0,,0,"The typhoon Bart (T9918) killed 26, injured 438, left homeless 6,900, affected 20,000 and caused US$ 5,000,000 damage in Japan.",EM-DAT Disaster No. 1999-0326
TC-1998-000009-JPN,1998-000009,17892,TC,tropical cyclone,JPN,Fukushima Prefecture,37.7502986,140.4675514,0.0,0.0,0,1998,8,27,A,0,0,0,0,,0,"The typhoon Rex (T9804) killed 14, injured 40 and affected 40,000 in Japan.",EM-DAT Disaster No. 1998-0278
TC-1998-000008-JPN,1998-000008,17891,TC,tropical cyclone,JPN,N.A. on the source,36.204824,138.252924,0.0,0.0,0,1998,9,18,A,0,0,0,0,,0,"The typhoon Stella (T9805) killed 2, injured 23 and affected 9,000 in Japan.",EM-DAT Disaster No. 1998-0328
TC-1998-000006-JPN,1998-000006,17889,TC,tropical cyclone,JPN,Hiroshima Prefecture,34.3965603,132.4596225,0.0,0.0,0,1998,10,18,A,0,0,0,0,,0,The typhoon Zeb (Iliang/T9810) killed 12 and injured 43 in Japan.,EM-DAT Disaster No. 1998-0311
TC-1997-000001-JPN,1997-000001,17893,TC,tropical cyclone,JPN,Kyushu Isl.,33.0,131.0,0.0,0.0,0,1997,9,16,A,0,0,0,0,,0,"The typhoon Oliwa (T9709) killed 4 and affected 67,000 in Japan.",EM-DAT Disaster No. 1997-0214
EQ-1995-000003-JPN,1995-000003,18137,EQ,earthquake,JPN,Hyogo,34.6912688,135.1830706,0.0,0.0,0,1995,1,17,A,0,0,0,0,,0,"The Great Hanshin-Awaji Earthquake occurred on January 17, 1995 in the southern part of Hyogo Prefecture. Approximately 6,434 people (final estimate as of 2006), mainly in Kobe, lost their lives as a result of the earthquake. It measured 7.2 on the Richter magnitude scale.","White Paper on Disaster Management, the National Land Agency (currently Ministry of Land, Infrastructure, Transport and Tourism)
Japan"
EQ-1950-000001-JPN,1950-000001,18657,EQ,earthquake,JPN,kobe,34.690083,135.1955112,0.0,0.0,0,1950,1,1,D,0,0,0,0,,0,,
